id,domain,status,purchase_price,renewal_price,attractiveness,demand,length,registrar,created_at,expires_at
000639fb-20c2-4ae4-97c5-cfba2f168896,spontaneity.markets,available,9.99,,76,3,11,name.com,,
001630dd-61d0-45c3-8d61-09e782bb2160,rolemodel.markets,available,9.99,,85,6,10,name.com,,
001924c4-9585-481a-9091-ae412eba2400,changeup.markets,available,9.99,,70,8,9,name.com,,
0025cd57-85e2-45c0-85ec-12e6db129bdb,buttercups.markets,available,9.99,,68,4,10,name.com,,
0025db65-6678-4623-8d77-3d53f1998d83,Spanishrice.markets,available,26.98,,59,2,12,namecheap,,
0062f1f9-8822-4f20-9141-a148902a9fab,callcenter.markets,available,9.99,,70,16,11,name.com,,
00692c59-825c-463d-aac6-79ea456b70f4,givebirth.markets,available,9.99,,82,1,10,name.com,,
007aff8d-4241-4ddd-8939-ace8ff4df40d,howaboutthat.markets,available,9.99,,52,2,14,name.com,,
0085f4d1-3ab8-41fc-bd89-2fe70ccb45b2,Christalive.markets,available,26.98,,76,3,12,namecheap,,
00929a96-db16-4839-a99d-1a3821453f90,whitesauce.markets,available,9.99,,72,11,11,name.com,,
00a39e84-d139-4a79-9f05-ddd82d4ecb90,manyhappyreturns.markets,available,9.99,,46,2,18,name.com,,
00a42913-9494-4d12-9917-c66be494d4cd,inthelimit.markets,available,9.99,,50,1,12,name.com,,
00a4c1ac-f447-48bf-9c6c-17e29e6d2fb4,Duracell.markets,available,26.98,,86,7,8,namecheap,,
00a66013-a7a6-4473-9e83-1bf21be9b940,terrifies.markets,available,9.99,,39,1,9,name.com,,
00abd2d1-89e1-4c91-a5ef-6ce8405c351a,comments.markets,available,9.99,,52,10,8,name.com,,
00ac95d8-e24e-4bfb-beee-3cb23ed57020,theories.markets,available,9.99,,58,6,8,name.com,,
00ad305c-0e79-41df-8789-c08e29de3713,giftcertificate.markets,available,9.99,,72,3,16,name.com,,
00b08eaa-7222-455c-8607-4121fb68c756,secondyear.markets,available,9.99,,66,1,11,name.com,,
00b60d5b-1b57-473e-a50e-8297ec2dff55,windowblind.markets,available,9.99,,48,1,12,name.com,,
00b8c9ad-a18f-47e1-8434-a2f314ae5400,letrip.markets,available,9.99,,75,2,7,name.com,,
00c3aeda-b833-491b-8c17-e4d4b31a2826,menus.markets,available,9.99,,54,14,5,name.com,,
00cf7b2c-3b33-4ff8-bb40-3a1eea80766a,lunches.markets,available,9.99,,60,4,7,name.com,,
00d33053-292a-40bd-aa38-2adae33c868c,boilingpoint.markets,available,9.99,,60,3,13,name.com,,
00d8431f-c9cd-4ab0-a9d4-013bb3494bf9,goinfor.markets,available,9.99,,74,1,9,name.com,,
00d94a36-a8b0-476a-b28a-b401a9d119c9,coffeepotful.markets,available,9.99,,72,1,13,name.com,,
00ee6ef2-de20-438c-a906-cc16fd85bcc8,getoveroneself.markets,available,9.99,,62,1,16,name.com,,
00f0dd31-6747-4172-afd9-7f7551bb44f5,gotten.markets,available,9.99,,66,8,6,name.com,,
010451d4-f5b4-45cb-a110-aa43fdd3b5a2,trios.markets,available,9.99,,50,9,5,name.com,,
012469de-300b-4199-bb90-6c226ed6b290,totime.markets,available,9.99,,47,2,7,name.com,,
012d7972-0669-4aeb-abea-22131ef26846,techsupport.markets,available,9.99,,76,18,12,name.com,,
013717a6-817e-4a82-8156-c6bba75e1f58,necks.markets,available,9.99,,52,3,5,name.com,,
013b7f0f-caab-48ab-b806-e3b58765cfa4,bellyshirt.markets,available,9.99,,74,1,11,name.com,,
013d5cb3-87cb-4385-ad12-f98c6dcf6c80,divinejudgement.markets,available,9.99,,47,1,16,name.com,,
014350c6-ce3d-4a0c-b2f7-7ae00e0b056a,themself.markets,available,9.99,,58,3,8,name.com,,
01546060-f79f-4e71-bb71-1ad61d3b1120,signs.markets,available,9.99,,64,22,5,name.com,,
0172813a-8d04-4939-a355-d9c07283f53e,robots.markets,premium,1250,,62,47,6,name.com,,
018f6d8e-6534-435c-9ac0-ab7c1a159851,differed.markets,available,9.99,,48,2,8,name.com,,
01a645a5-8788-430f-84a6-51dd2496d985,comeintobeing.markets,available,9.99,,68,1,15,name.com,,
01a76ca3-5b49-4b24-8be8-5b0dad390bf4,successively.markets,available,9.99,,56,0,12,name.com,,
01f27154-c9a8-4565-852f-66bd7b7cc08c,payoff.markets,available,9.99,,70,8,7,name.com,,
0202f890-3b45-4162-afd3-d188bfb42cd1,gocrazy.markets,available,9.99,,72,5,8,name.com,,
0204e8e9-fd2d-4802-863d-d0855c9d7905,oaktrees.markets,available,9.99,,56,3,9,name.com,,
021f2dad-5c39-40de-8637-972d1a8b93dc,oddfish.markets,available,9.99,,63,4,8,name.com,,
024d9ea4-6bce-4477-9b26-2f09dc37343e,dothemath.markets,available,9.99,,72,4,11,name.com,,
02531367-c347-4f6a-8ece-cc98aa2bc95b,clearoff.markets,available,9.99,,72,1,9,name.com,,
0259c5d7-88a4-4905-b205-ffe416e9b156,generated.markets,available,9.99,,54,28,9,name.com,,
0264fb26-0a2f-415f-b4d1-38cf7e67eeb5,GodSavetheKing.markets,available,26.98,,76,12,17,namecheap,,
028e9a92-46c3-4896-883b-ae058590112e,crowns.markets,available,9.99,,62,11,6,name.com,,
0294f781-35ad-4321-a4fc-8b02c164ee05,Westminster.markets,available,26.98,,70,12,11,namecheap,,
0294fa2f-e5c0-483e-9f30-5e1746f7443c,sitaround.markets,available,9.99,,66,1,10,name.com,,
0298c7c1-7d9a-4151-aaf3-a86b90c4eb19,hears.markets,available,9.99,,48,4,5,name.com,,
02df6614-00a2-406a-849a-79108505a5c8,blanksheet.markets,available,9.99,,80,3,11,name.com,,
02e30c1c-6989-4ccf-834c-e1b24141cb34,therebe.markets,available,9.99,,64,2,8,name.com,,
02ef6c1b-2fa2-451f-8928-deb14d3098ce,neckandneck.markets,available,9.99,,46,1,13,name.com,,
0302ecec-ad10-4caf-99ef-269f222045f1,sellthrough.markets,available,9.99,,64,2,12,name.com,,
0305a05c-d02c-46a5-8295-cfa21273367b,stepoff.markets,available,9.99,,68,2,8,name.com,,
0316a295-3e11-487a-9979-e268c921d478,makefriendly.markets,available,9.99,,72,1,13,name.com,,
03173c5a-4583-4013-b190-3a5c9d26fcb5,fruits.markets,available,9.99,,74,17,6,name.com,,
0317484e-cbd9-4522-b916-13650a3b3028,standto.markets,available,9.99,,72,2,8,name.com,,
0324e5d8-fa4d-453f-9082-aab4df9e6532,pronouncing.markets,available,9.99,,70,1,11,name.com,,
032f2a30-c407-4ad4-8cde-45b240b288d4,setgoing.markets,available,9.99,,56,2,9,name.com,,
03376b2b-b457-4b71-8970-ff546194f383,motherfukka.markets,available,9.99,,66,1,11,name.com,,
035ce077-e9b8-42b1-91ac-c7de7b61b2ec,charts.markets,premium,3125,,64,18,6,name.com,,
0367d1aa-384a-45c0-855e-e9428746407e,MiddleEasterner.markets,available,26.98,,62,1,16,namecheap,,
03711c8d-5373-4173-9e9f-9dcc3858e7df,nomnomnom.markets,available,9.99,,84,6,11,name.com,,
0373a947-9491-4ef8-98e6-54dbbb3ad1dc,haveityourownway.markets,available,9.99,,50,1,20,name.com,,
0374fd2e-10a8-4f96-b230-570fa557013e,keepclear.markets,available,9.99,,58,2,10,name.com,,
03755853-98bc-444e-a077-b4db0ce50701,shoparound.markets,available,9.99,,80,3,11,name.com,,
03908394-22df-4fb4-9f42-136d446b827a,trafficsign.markets,available,9.99,,70,4,12,name.com,,
03abc2d8-314f-4a87-8c09-95b9708edeb1,introduces.markets,available,9.99,,58,2,10,name.com,,
03acde0a-da67-4b71-a07c-44527183b110,dances.markets,available,9.99,,66,8,6,name.com,,
03b77169-cd36-447f-b4ad-51cb0283ec7f,withopenarms.markets,available,9.99,,70,1,14,name.com,,
03bad5c9-d197-4c31-85e2-67531cdc173e,cuddles.markets,available,9.99,,71,10,7,name.com,,
03c758ed-9210-4bf0-86e0-4ecc9ab84595,outofmyway.markets,available,9.99,,34,1,13,name.com,,
03d03c49-b307-46bd-a709-2174170ff882,rights.markets,available,9.99,,50,19,6,name.com,,
03dd8a04-ef79-44a1-b2c4-b03d16a5c298,travelagency.markets,available,9.99,,68,9,13,name.com,,
03f2739c-db6b-4baf-9988-67d46229e8dd,fishtail.markets,available,9.99,,68,5,9,name.com,,
03f4c3fb-b66c-4837-b7d0-01c0ce0eb3e4,Fla.markets,available,26.98,,64,17,3,namecheap,,
03f75915-6df1-4078-8a32-dd40112fd7f6,rowingboat.markets,available,9.99,,76,2,11,name.com,,
0402b5bb-14bf-4baf-aaae-0e85dda38e21,mosquitos.markets,available,9.99,,42,5,9,name.com,,
0416d3ef-d354-4656-9c81-f3b7420beb4a,mentioning.markets,available,9.99,,52,2,10,name.com,,
043d76bc-5d46-426a-a265-80e49af907a0,hookedup.markets,available,9.99,,56,6,9,name.com,,
044787f5-8ddf-40e8-927b-ce320e7335c9,rideshare.markets,available,9.99,,80,15,9,name.com,,
044be2f9-b369-4710-b00b-f06efaf56582,deadofnight.markets,available,9.99,,52,2,13,name.com,,
04650213-32b5-4459-920e-fbc94690c3ca,publicservice.markets,available,9.99,,65,8,14,name.com,,
04772efd-86d6-482f-8bb1-d78ec8b01990,gotothewashroom.markets,available,9.99,,56,1,18,name.com,,
04a714c8-391e-4c6c-8dfb-a9cefd96b65f,demoted.markets,available,9.99,,46,1,7,name.com,,
04b22b9b-2072-4821-b4fd-b43971f0c511,carrying.markets,available,9.99,,74,3,8,name.com,,
04ba8030-991e-49dd-a443-8449ac9254ed,takeaways.markets,available,9.99,,56,5,9,name.com,,
04fed604-9681-4ace-8d7d-262fe6d29ec2,smashdown.markets,available,9.99,,58,2,10,name.com,,
0503deb8-e559-4415-9268-88696d3a01a0,moved.markets,available,9.99,,72,11,5,name.com,,
05098a44-9d36-464d-883f-0afdf99dff31,pumping.markets,available,9.99,,76,8,7,name.com,,
0518781d-852f-43f7-8edb-7713484f3ceb,hardwork.markets,available,9.99,,76,10,9,name.com,,
052fe7b3-6058-4363-9181-90423e0b864d,labels.markets,available,9.99,,56,16,6,name.com,,
05359162-82ba-46f8-8bef-1608b5fa1c41,Sundays.markets,available,26.98,,61,17,7,namecheap,,
054364f6-a232-453f-aaef-0e2bd90c4c27,licensinglaw.markets,available,9.99,,42,2,13,name.com,,
054a6c67-8754-4238-857c-85d3ff035496,bemother.markets,available,9.99,,74,7,9,name.com,,
054c4e21-1589-4f2f-b941-7aa532940ec7,turndown.markets,available,9.99,,74,4,9,name.com,,
055783f0-24f7-4372-a0ca-77a1bdabd537,legalheir.markets,available,9.99,,71,1,10,name.com,,
055ea4ee-2251-4614-97aa-4aedcfeb9626,gearup.markets,available,9.99,,80,16,7,name.com,,
056abb99-4a84-44d5-a9af-397b3befc702,namedafter.markets,available,9.99,,53,0,11,name.com,,
0581c5bf-eeb4-477d-9483-4c9823a0ab09,closerange.markets,available,9.99,,72,3,11,name.com,,
05860858-b604-468f-8608-bc51d29bc395,warned.markets,available,9.99,,54,4,6,name.com,,
05868b7d-586f-42ca-ae40-18f2408ef2d7,changeover.markets,available,9.99,,68,5,11,name.com,,
05a2008e-e651-4111-a5ec-62571c721831,willingness.markets,available,9.99,,79,3,11,name.com,,
05a4646f-4de7-4692-b00f-029c1d479185,donkeys.markets,available,9.99,,46,5,7,name.com,,
05a46dca-4cd9-4123-83a1-c701ebf81cbb,IhopeImaybeshot.markets,available,26.98,,44,1,20,namecheap,,
05b861cb-04c0-4093-b1cc-47242a8c6848,goape.markets,available,9.99,,76,5,6,name.com,,
05c2aa4e-8bfd-472f-a528-4647212bd8c1,daggum.markets,available,9.99,,78,1,6,name.com,,
05ca02c2-8cf9-47e3-a7bc-8d1e9a28f688,thieves.markets,available,9.99,,45,8,7,name.com,,
05cc58cc-8921-47c1-b94b-7192f6a20627,WestBay.markets,available,26.98,,60,11,8,namecheap,,
05cd4066-0751-4ee2-ba0f-2867925c8288,controlling.markets,available,9.99,,68,9,11,name.com,,
05e4546f-d64a-463f-b0a7-fce147f16b97,readmylips.markets,available,9.99,,52,5,12,name.com,,
05e59f1a-8919-41ea-b4e1-34401ebdab6a,inthehopethat.markets,available,9.99,,48,4,16,name.com,,
05f21a1b-b421-458a-af03-fb00046cee22,punched.markets,available,9.99,,50,3,7,name.com,,
05ffca37-8c77-4aa8-99d8-8110ea08a75d,ported.markets,available,9.99,,68,3,6,name.com,,
060ebdac-be09-4d23-89f3-e849555000d1,functions.markets,available,9.99,,54,12,9,name.com,,
06325168-0333-409e-b657-3e7316ff9c9c,comerunning.markets,available,9.99,,74,1,12,name.com,,
063ab77f-d3ec-4066-bd8c-b80b193c5140,approaches.markets,available,9.99,,70,3,10,name.com,,
065189d4-21a6-4976-b457-55fae3c6a2b5,monkeys.markets,available,9.99,,56,13,7,name.com,,
0655347e-939d-43ae-be35-ed5928bfba44,hasto.markets,available,9.99,,56,3,6,name.com,,
06559d47-f0db-44f6-851c-d3f5bccdee64,bloodflow.markets,available,9.99,,74,2,10,name.com,,
065c34b0-eeab-42c4-896d-461ae737fde5,CountyofWilkinson.markets,available,9.99,,42,1,19,name.com,,
0671ae20-690b-4398-ba56-222fe67713f8,woops.markets,available,9.99,,74,8,5,name.com,,
068a9df9-417b-42cf-8dd9-949cdeb126db,whatabout.markets,available,9.99,,63,10,10,name.com,,
06905784-6afb-49f0-8dfa-1b06ad5f18e8,motherfukker.markets,available,9.99,,66,1,12,name.com,,
069c3eb2-41bd-4530-8363-60989d47af7f,pops.markets,available,9.99,,74,24,4,name.com,,
06a150df-c08e-4aeb-ad0d-edd2496496dd,chunks.markets,available,9.99,,46,8,6,name.com,,
06f634c9-2705-44a2-b925-21f73046fc98,wellcovered.markets,available,9.99,,74,2,12,name.com,,
0708344f-6e24-4ffc-bde2-c8ad057dd5f4,neverending.markets,available,9.99,,66,17,12,name.com,,
0709e2dd-eb98-4e36-a0e0-89421b07f19c,blackmailing.markets,available,9.99,,58,2,12,name.com,,
0717f6a2-81d7-42a3-abab-20e4891b6788,halfass.markets,available,9.99,,60,1,8,name.com,,
07264967-5025-4c91-8b85-e364b2953ad5,getmoving.markets,available,9.99,,84,7,10,name.com,,
0730aecf-c889-4073-acb2-c57d5489d045,tradeunions.markets,available,9.99,,48,1,12,name.com,,
073bc1f0-4fb9-4315-9099-ac1dae028a52,throngs.markets,available,9.99,,53,2,7,name.com,,
073db818-bd23-4e6b-b7f5-f242c0a01a7b,oddman.markets,available,9.99,,62,2,7,name.com,,
07463625-08ac-4008-ba43-ff4051f86b4a,racingline.markets,available,9.99,,80,5,11,name.com,,
07487859-7fc9-4bda-a2d7-3b400ccd21cf,thongs.markets,available,9.99,,50,5,6,name.com,,
07589212-a2b3-49c8-9122-67919c6320f1,longfor.markets,available,9.99,,70,3,8,name.com,,
0763839f-fed0-47ea-9da9-f534f5ed01f6,Onions.markets,available,26.98,,69,9,6,namecheap,,
078d87e6-150f-44ad-ae8a-af3f4e5d82f1,Spartacus.markets,available,26.98,,72,11,9,namecheap,,
078ff356-6901-497c-a04a-3fc540a41225,WordofAllah.markets,available,26.98,,56,1,13,namecheap,,
079ff856-9dc2-4828-a3df-700883cba23f,weekends.markets,available,9.99,,64,8,8,name.com,,
07ab5be9-76c5-4598-ac64-64f9fdf7cc1d,quartertone.markets,available,9.99,,70,3,12,name.com,,
07ae1aaa-83a2-4c7c-b8b1-77f0e07ecba1,rides.markets,available,9.99,,56,15,5,name.com,,
07ba17a8-1039-4d78-b1c2-5e484c85d936,nonsmoking.markets,available,9.99,,68,3,11,name.com,,
07c036b5-2110-4b05-8cf7-b621065ef397,pegs.markets,available,9.99,,48,8,4,name.com,,
07c073b1-d25a-4370-bf34-36598aa21692,potatocrisp.markets,available,9.99,,74,1,12,name.com,,
07ca591b-83b8-4893-b994-441e63bf62a1,slipin.markets,available,9.99,,65,2,7,name.com,,
07f1371a-4a4d-452e-b7a4-32b61d3ca39b,atthedropofahat.markets,available,9.99,,70,1,20,name.com,,
07f236fb-6fbb-4084-8063-b07e53fd8e43,makemoney.markets,premium,500,,88,23,10,name.com,,
07fbe6aa-43f7-423e-a6a9-8f0c366d98ee,evenchance.markets,available,9.99,,78,1,11,name.com,,
08002e06-32e0-4448-a685-bf1484a951e5,scenes.markets,available,9.99,,54,8,6,name.com,,
080d6adc-043f-43df-8f3d-8cd46d263fd9,bangles.markets,available,9.99,,56,4,7,name.com,,
083153e3-e3e1-4674-a6d3-8fb802457e73,justso.markets,available,9.99,,62,7,7,name.com,,
0832dc67-2f1c-4b00-b764-5f94d5f86429,overwith.markets,available,9.99,,60,1,9,name.com,,
08420521-bf03-434b-9e8a-5a1b1b173d2a,midJanuary.markets,available,26.98,,80,1,11,namecheap,,
0844eb7d-932f-45f5-9fa9-6492472d1399,dateofdeath.markets,available,9.99,,56,1,13,name.com,,
084c54e0-3036-4043-81c6-dc15eb288f4c,Amazons.markets,available,9.99,,60,12,7,name.com,,
0852294d-026f-443c-92ad-b05bcb4ae8f6,matcha.markets,available,9.99,,86,39,6,name.com,,
085e2c98-caf0-4930-86d7-ceb4fb46538d,Ilostmyhandbag.markets,available,26.98,,50,1,17,namecheap,,
08641538-4a6c-4fca-8964-1b26c2084737,photos.markets,available,9.99,,54,28,6,name.com,,
086670f1-d69c-4cdd-85ba-0419ef18f4c7,backstretch.markets,available,9.99,,74,3,12,name.com,,
0884b1fa-9df7-4755-ab1a-c21fdc01a378,intheraw.markets,available,9.99,,64,2,10,name.com,,
0888889a-57e3-4af8-b950-70931e2f9603,reservations.markets,available,9.99,,50,17,12,name.com,,
08980c21-3069-4e3d-b40f-6d1b700a10bd,Ispin.markets,available,26.98,,76,5,6,namecheap,,
089a4ed5-e4f6-472e-961d-0439eeff87ff,polled.markets,available,9.99,,69,3,6,name.com,,
08beb7d3-17a7-4cbc-b5ca-0b4f790fef43,Ilikethat.markets,available,26.98,,58,6,11,namecheap,,
08cf48e0-b97a-420a-9b72-1d92047c55e2,takeonboard.markets,available,9.99,,76,1,13,name.com,,
08d6abfb-a5fb-4b65-a455-2d4d2ed73f33,ballplaying.markets,available,9.99,,70,1,12,name.com,,
08dc8046-5deb-4c09-8588-67fe5b4c367b,echoes.markets,available,9.99,,56,24,6,name.com,,
08df14a0-2b6c-4b7b-ba02-aa4595e9a105,rapidantigentest.markets,available,9.99,,66,1,18,name.com,,
08f1d830-3433-4775-9ccb-e0363c4be4b6,speedoflight.markets,available,9.99,,70,6,14,name.com,,
08ff01cc-3552-4925-91af-e5ecc5d4df8c,mouthed.markets,available,9.99,,63,1,7,name.com,,
0901174c-146d-4ce2-909d-b9a2d2090dd3,handdown.markets,available,9.99,,76,5,9,name.com,,
092177c0-a1cf-4a8b-b90c-3a9fbc43ca36,upandaround.markets,available,9.99,,60,1,13,name.com,,
092fcbc8-43aa-4ea8-8b45-5b06b386cef4,gettothebottomof.markets,available,9.99,,66,1,20,name.com,,
0932090e-935d-4df8-9832-e58fd82592ae,views.markets,available,9.99,,62,18,5,name.com,,
0932b444-9aa2-4d4b-9f06-bdb66f299f00,searched.markets,available,9.99,,60,7,8,name.com,,
093d954b-f1a6-4ce7-999a-888ead7829f1,temporarily.markets,available,9.99,,62,4,11,name.com,,
0949c1b8-c1db-4be2-8652-89944f730694,CountyofSussex.markets,available,26.98,,44,2,16,namecheap,,
097a8d59-2fcd-42dc-ad15-2a6cd6a737fd,restinpeace.markets,available,9.99,,64,5,13,name.com,,
098d52fd-ce08-4d41-a3a5-c2f76d978556,sameoldstuff.markets,available,9.99,,34,1,14,name.com,,
098fa14d-dd96-416e-bc2e-f21717bcd8c0,righthere.markets,available,9.99,,58,12,10,name.com,,
09950803-2a95-4e92-8856-77f3bfddb3e3,inblossom.markets,available,9.99,,56,1,10,name.com,,
0995ec50-87dd-4261-bc6a-5942bbf6cebe,gotheextramile.markets,available,9.99,,66,2,17,name.com,,
09a83d09-13a5-4bfb-91fd-4ed708900d6d,advertisement.markets,available,9.99,,72,13,13,name.com,,
09b09138-2792-454f-ab54-1fe5d4fe40bb,stockupon.markets,available,9.99,,54,1,11,name.com,,
09c9d148-faa7-4661-9695-861015ca44d5,anangelpasses.markets,available,9.99,,42,2,15,name.com,,
09ce5e6f-7c1e-4a7f-8eaa-8b39acbe8e3c,intrinsicvalue.markets,available,9.99,,66,4,15,name.com,,
09d2b81f-3fd0-42fc-9b5c-07cb51970995,belike.markets,available,9.99,,74,7,7,name.com,,
09d82776-77ca-4fd9-82fe-deae4884eb2f,introduction.markets,available,9.99,,82,7,12,name.com,,
09ee1184-89b8-4353-a597-b8e5e43b432e,quantities.markets,available,9.99,,43,2,10,name.com,,
0a0f6a13-9c6a-413f-8d0d-fabf2947cf52,disapproval.markets,available,9.99,,54,7,11,name.com,,
0a12b6df-6ab0-476a-a95f-3ce09954fa1c,whitevanman.markets,available,9.99,,56,1,13,name.com,,
0a1742fd-5729-42a6-b9f8-9aa21d21fcb6,ole.markets,available,9.99,,74,25,3,name.com,,
0a1d9235-332a-4a0f-a72d-5bff8c46c194,highschoolstudent.markets,available,9.99,,55,0,19,name.com,,
0a3d9e9b-f527-4bfe-9d54-27a3b946e960,turnloose.markets,available,9.99,,68,2,10,name.com,,
0a412132-4954-4866-89d2-2fc46735f8ca,intwoshakes.markets,available,9.99,,42,0,13,name.com,,
0a434aac-639f-46e8-99d0-3af3b988b636,pointat.markets,available,9.99,,46,2,8,name.com,,
0a6264e8-b9ed-417e-8140-e3e9b07ffaa0,oddsandends.markets,available,9.99,,65,4,13,name.com,,
0a6e2641-e0bb-45dc-ad8d-58ce21184d36,carryover.markets,available,9.99,,70,2,10,name.com,,
0a7510d8-8dc7-442f-ac6f-1a6efad4e62f,borne.markets,available,9.99,,66,12,5,name.com,,
0a75d74e-0ecc-4929-b03a-c484e9efe56f,bandits.markets,available,9.99,,40,10,7,name.com,,
0a7e8dd5-05ca-4334-9376-59f3a972c198,smallwords.markets,available,9.99,,68,2,11,name.com,,
0a90b396-c009-434c-a1f8-71ff2b192761,fundamentalscience.markets,available,9.99,,66,2,19,name.com,,
0aa8733e-131c-421e-9186-e454fab13da2,officekeeper.markets,available,9.99,,45,1,13,name.com,,
0aa88a85-dce8-4b7c-9b27-050e26c75b31,comeondown.markets,available,9.99,,76,1,12,name.com,,
0aaca975-9b5a-40ed-8406-62a7e0b1706b,streetart.markets,available,9.99,,76,14,10,name.com,,
0aba3403-f712-4459-a9ff-bb9743c3af1e,childbenefit.markets,available,9.99,,60,8,13,name.com,,
0ad05bc6-6663-464a-aaab-e3638113588e,saveit.markets,available,9.99,,74,13,7,name.com,,
0af0ab23-39e3-4efe-b6d7-52b54ce0f9c8,alcoves.markets,available,9.99,,48,3,7,name.com,,
0af69c64-d6c3-4cad-afae-102b99404097,rockhard.markets,available,9.99,,60,10,9,name.com,,
0afe99a2-1e8b-4be8-89f2-0708ad6016f1,whatitis.markets,available,9.99,,38,9,10,name.com,,
0b18874c-3338-4a63-b3a1-3c7bea7ed0d4,getthepoint.markets,available,9.99,,71,2,13,name.com,,
0b448d95-b6d9-457f-af08-7860d057b463,FabFour.markets,available,9.99,,82,3,8,name.com,,
0b5dce4a-25e6-4353-818e-4c52a59e50bb,cometoaclose.markets,available,9.99,,66,1,15,name.com,,
0b5e551f-21d4-49b2-bed3-dbeddab63824,DistrictofColumbia.markets,available,26.98,,52,4,20,namecheap,,
0b5f94f0-a2e6-4e18-ac49-40238fea6c5c,plumbers.markets,available,9.99,,50,14,8,name.com,,
0b8c1347-2b56-4a1c-9bd4-2fcf36e11063,onlytoo.markets,available,9.99,,60,6,8,name.com,,
0b920fc3-3b1f-4f8e-a5d0-0d03b5cf3a1e,countycourt.markets,available,9.99,,72,1,12,name.com,,
0ba71683-0a62-411d-9361-e0b9469e9e36,clovers.markets,available,9.99,,62,9,7,name.com,,
0bab99be-464a-4263-94c4-8752c07b6731,lunched.markets,available,9.99,,60,2,7,name.com,,
0bb18377-4d7b-4a1c-b24f-187705b8a16a,pages.markets,available,9.99,,52,28,5,name.com,,
0bc2e5f9-5b45-42b9-9f6d-263c5f690a9f,standupguy.markets,available,9.99,,72,2,12,name.com,,
0bcad138-caed-4683-83a1-6cb6ad354463,carrie.markets,available,9.99,,82,10,6,name.com,,
0bd01085-a09b-4623-91ae-9cac39c046e0,organdonation.markets,available,9.99,,72,2,14,name.com,,
0c004313-d719-47d1-b821-396f5944f800,comedies.markets,available,9.99,,56,3,8,name.com,,
0c0c2bea-39c4-4db9-a814-30761a8504df,accountsreceivable.markets,available,9.99,,62,5,19,name.com,,
0c102b3f-50eb-454a-a0a3-78cb1a083193,pointy.markets,available,9.99,,70,10,6,name.com,,
0c200957-2e76-4732-8fb0-0df09e4bc20b,Ilikepie.markets,available,26.98,,58,2,10,namecheap,,
0c31ae74-6cc7-4830-9dde-d10e7ac94306,thinkagain.markets,available,9.99,,56,12,11,name.com,,
0c3442f7-8c91-4a0d-8e48-dfa973360586,leavenocrumbs.markets,available,9.99,,70,1,15,name.com,,
0c3554e6-d9e7-495b-8dc0-d16e43ca8df8,worthit.markets,available,9.99,,74,19,8,name.com,,
0c4e4744-35b4-46b9-8995-c925f569199a,victories.markets,available,9.99,,58,5,9,name.com,,
0c506ef9-1a35-4976-9e9d-aedfcbdb1245,nothankyou.markets,available,9.99,,78,5,12,name.com,,
0c537c6f-51c7-4acf-8eb0-d70a178de741,havetherighttime.markets,available,9.99,,60,1,19,name.com,,
0c73e1a4-3a5c-4b85-bc67-3a84ff65d501,bestfriend.markets,available,9.99,,76,12,11,name.com,,
0c8199f9-7a38-4950-b54c-bd762e1ae413,theones.markets,available,9.99,,43,6,8,name.com,,
0cb91ff6-8b17-41a1-b23f-3ce6faf2c460,woes.markets,available,9.99,,46,4,4,name.com,,
0cd407b1-9b26-4fde-9960-02be8c361c74,havea.markets,available,9.99,,60,7,6,name.com,,
0ce9888d-eeaa-4a3d-827c-28966c8d9546,pestcontrol.markets,available,9.99,,74,18,12,name.com,,
0d093a81-7a41-4693-b9e4-ae2673844701,throwabout.markets,available,9.99,,69,1,11,name.com,,
0d14ce10-e30f-49c6-b274-a1fd2b0e4203,youthink.markets,available,9.99,,52,6,9,name.com,,
0d2156d8-c136-444c-aa7d-9026b6d00d8d,aboutship.markets,available,9.99,,74,1,10,name.com,,
0d3ba188-c286-487e-af89-7f34fc8cb944,trials.markets,available,9.99,,48,12,6,name.com,,
0d5b6196-5ffd-412e-9ee3-04b796e39b36,familyrestaurant.markets,available,9.99,,66,2,17,name.com,,
0d6b38ba-c97f-44e2-b7e8-1c462da98fe1,Keith.markets,available,26.98,,66,25,5,namecheap,,
0d6f6437-2923-4252-b129-6bda9f2895cd,jetace.markets,available,9.99,,62,1,7,name.com,,
0d762f72-7506-4ab8-9a20-5b667f4b487e,leaveoff.markets,available,9.99,,72,1,9,name.com,,
0d9a1245-52e7-45d8-b6a8-de234438fb5f,leaves.markets,available,9.99,,60,18,6,name.com,,
0d9b9cc9-5aef-4cad-a1a7-1ce09244a666,mentions.markets,available,9.99,,54,9,8,name.com,,
0d9ea9c8-36b1-4c83-9585-94027a420201,posters.markets,available,9.99,,60,13,7,name.com,,
0dbcafbd-46f5-473f-93f5-59dffd3c2369,vans.markets,available,9.99,,55,17,4,name.com,,
0dbe9d0f-d19e-4d84-97eb-aa04b18c2128,tastes.markets,available,9.99,,52,6,6,name.com,,
0dcd96a8-7a9a-4af8-9165-104b5c4dbb7c,inspiteofoneself.markets,available,9.99,,48,1,19,name.com,,
0deb1431-ba22-4374-b266-661a2503aad8,streamers.markets,available,9.99,,56,12,9,name.com,,
0df2282f-ccb2-4f18-8c8c-0860648885e6,corrections.markets,available,9.99,,68,6,11,name.com,,
0df3ed94-965e-4d26-b3df-14cde827eacf,relating.markets,available,9.99,,72,5,8,name.com,,
0dfbc170-cb05-4246-8981-a44d104c2883,bedsheet.markets,available,9.99,,78,3,9,name.com,,
0dfd736d-d6b7-48cc-88bc-2cc168440c4e,Internetlike.markets,available,26.98,,70,1,12,namecheap,,
0e02dd7a-4bee-42d9-83fb-9099de253760,monopolizing.markets,available,9.99,,40,1,12,name.com,,
0e0630e6-f716-4bca-9666-15dff0280208,techweek.markets,available,9.99,,74,12,9,name.com,,
0e15fde4-ac46-407c-b5a9-6e79aa0a4db1,whoever.markets,available,9.99,,54,4,7,name.com,,
0e1629ff-16bc-4bc1-bd7c-ff26cbc13736,turnsback.markets,available,9.99,,53,1,10,name.com,,
0e188c15-f70d-46b5-9e95-de08fd3b3e77,condensedmilk.markets,available,9.99,,66,16,14,name.com,,
0e1fc06c-2899-4dd8-a0c2-a679dfb9be3e,travellers.markets,available,9.99,,53,11,10,name.com,,
0e215554-1162-499c-b54d-a60af8e4a707,chickenroll.markets,available,9.99,,76,2,12,name.com,,
0e26e236-df60-4749-853e-ef21f5f04a28,playin.markets,available,9.99,,80,10,7,name.com,,
0e29cb1c-aa4c-46cc-bc56-8b9216950314,Fanta.markets,available,26.98,,88,17,5,namecheap,,
0e3731da-4416-4961-97ae-394ebd6e711c,newsreporter.markets,available,9.99,,46,4,13,name.com,,
0e3f2699-050f-4169-a33a-92bf4e7b237c,attentions.markets,available,9.99,,54,4,10,name.com,,
0e4bf6e7-32e5-478d-a574-732bd4d948b1,determines.markets,available,9.99,,58,1,10,name.com,,
0e570cf4-f386-4bce-9fab-ab98a6fadf5d,updates.markets,available,9.99,,54,15,7,name.com,,
0e7b01dd-ed64-4bc3-b17e-9ad97355aa4b,explained.markets,available,9.99,,50,10,9,name.com,,
0e8a70ec-9fcc-464d-9057-443d19472fd4,barbecuedpork.markets,available,9.99,,58,0,14,name.com,,
0e997219-c167-4110-989c-8a8f7e8d861f,filledin.markets,available,9.99,,52,2,9,name.com,,
0ea5e333-9a8e-4014-b76d-8a5639cbdf9c,keepthepace.markets,available,9.99,,66,1,13,name.com,,
0ecc8cb1-be57-4476-8a7e-caf08f845a66,penandpaper.markets,available,9.99,,64,7,13,name.com,,
0ef204f3-3c61-4bf8-a9b8-fe8813803eda,puzzles.markets,available,9.99,,52,16,7,name.com,,
0efc7af3-7899-4331-980e-68b0ec613ade,modernistcuisine.markets,available,9.99,,72,3,17,name.com,,
0f12fcd5-0229-468e-87ce-61ace87b8297,peeking.markets,available,9.99,,70,3,7,name.com,,
0f13544c-a3f0-4573-a320-e09daa3860dc,owing.markets,available,9.99,,60,3,5,name.com,,
0f1ae11b-6779-4c3a-9418-ea444cbb9597,stretchout.markets,available,9.99,,70,2,11,name.com,,
0f2178e9-28ff-494b-a56a-5c3b6808ac5d,wraps.markets,available,9.99,,53,11,5,name.com,,
0f240f91-45a0-4d29-9655-24fdd9a3fd68,heavymetal.markets,available,9.99,,70,15,11,name.com,,
0f45c3ea-ff62-4f18-b233-7aa27832bd90,pieceofpaper.markets,available,9.99,,62,4,14,name.com,,
0f6f9caf-f218-491e-9f66-7aa26e1b475a,vocalists.markets,available,9.99,,57,2,9,name.com,,
0f77c7b7-e92f-49f3-880d-98337714ea5e,myapologies.markets,available,9.99,,78,1,12,name.com,,
0f9cc560-6f72-485b-85dd-633591849086,visited.markets,available,9.99,,76,6,7,name.com,,
0f9e30ca-a7c4-4b57-bcf3-01ce2caa73ff,childmarriage.markets,available,9.99,,48,2,14,name.com,,
0fa0a323-4c88-4ef6-8af2-a272508f9d00,sides.markets,available,9.99,,54,12,5,name.com,,
0fb25d26-4a37-4377-9c3f-8927cba8e4e2,shirtless.markets,available,9.99,,64,4,9,name.com,,
0fbe8196-dcb5-454a-848a-9824f0c93b42,golddigger.markets,available,9.99,,64,7,11,name.com,,
0fc0528d-8c7d-41f2-bb23-ee1033949fcd,sparklingwine.markets,available,9.99,,69,4,14,name.com,,
0fc3bf10-fcc6-481e-8316-5ade2620b7b4,makeoneselfathome.markets,available,9.99,,72,1,20,name.com,,
0fcecdbc-750a-4949-89e1-391bb572fe45,departmentstore.markets,available,9.99,,66,4,16,name.com,,
0fcee2ad-4b84-4737-9323-50317d7aa79f,teachers.markets,available,9.99,,56,22,8,name.com,,
0fd0cd49-50d9-4c21-90b2-39f0ff4d0016,getthejobdone.markets,available,9.99,,74,2,16,name.com,,
0fd32442-ed5f-48d6-a3f2-9cb126131f50,uploadability.markets,available,9.99,,60,1,13,name.com,,
0fec0c18-5f93-486b-8655-71a6d9327234,workouts.markets,available,9.99,,59,8,8,name.com,,
10040287-c101-4595-a9a6-86c6b306c82a,forests.markets,available,9.99,,60,11,7,name.com,,
1008607f-918d-4cf8-863c-15d4106be9b1,getonto.markets,available,9.99,,74,3,9,name.com,,
10107052-2308-4804-8b2b-1f4a6bd45d9a,shakealeg.markets,available,9.99,,71,3,11,name.com,,
1010a04e-c105-42a9-8d0e-e9fd92448de0,violetgold.markets,available,9.99,,72,11,11,name.com,,
10381216-d620-4d57-9631-a14b3904fcad,gowithGod.markets,available,26.98,,68,2,11,namecheap,,
103c6578-13b6-4e1b-a928-71169c05baac,groups.markets,available,9.99,,58,20,6,name.com,,
105f5f91-dade-4bff-94cc-b25639281f7a,thousands.markets,available,9.99,,56,5,9,name.com,,
105f7814-cf38-4cc2-bb4f-ec2d9b2a3718,howthedevil.markets,available,9.99,,40,0,13,name.com,,
10707563-ec18-40e3-9ec2-7095d4a57547,elects.markets,available,9.99,,56,4,6,name.com,,
1072fae9-3fca-4370-8efd-022f3e28076e,makelove.markets,available,9.99,,88,10,9,name.com,,
10926b6b-de5d-4911-9b33-88add28ad7ff,onlyjust.markets,available,9.99,,49,2,9,name.com,,
1094520a-99f4-4b29-9f2a-176109f1f555,strangers.markets,available,9.99,,46,9,9,name.com,,
1096b58d-0fc7-4b40-9770-02fb67706a24,launches.markets,available,9.99,,65,8,8,name.com,,
109c2642-1401-4dc6-b54a-49378364326e,strikeablow.markets,available,9.99,,70,0,13,name.com,,
109d401f-c387-41a8-b94e-fdc94c192f92,nightsky.markets,available,9.99,,76,12,9,name.com,,
109dce1f-2ea0-4124-b2cf-118e1a29410c,chiefmagistrate.markets,available,9.99,,42,1,16,name.com,,
10aa678a-368d-4d35-ae76-257a7b5fcaae,poundcake.markets,available,9.99,,78,4,10,name.com,,
10be267e-040e-480b-8dd3-dde7a9f4c0da,souls.markets,available,9.99,,60,20,5,name.com,,
10d87070-b7f6-4fa7-a17f-f622424100d7,herbalmedicine.markets,available,9.99,,70,4,15,name.com,,
10f0292e-f933-4c86-a29c-94345794d0ac,sweets.markets,available,9.99,,90,18,6,name.com,,
10f4d8e0-215c-4296-99a8-23fee1d1516a,shadows.markets,premium,250,,54,16,7,name.com,,
110cd0df-b0b4-4eb2-8519-362989c97649,artgalleries.markets,available,9.99,,57,4,13,name.com,,
11160aae-27ed-4fd4-9648-20c5233fd93d,givelife.markets,available,9.99,,58,5,9,name.com,,
111c4db9-9544-4f52-81e1-312d6f93b461,atthecostof.markets,available,9.99,,40,1,14,name.com,,
111f62a9-9701-45d7-b1b1-9c29e91ca810,Ropes.markets,available,26.98,,56,9,5,namecheap,,
11247bc2-0d28-448d-8e7c-fc1e9a53ab5d,BlackTuesday.markets,available,26.98,,44,12,13,namecheap,,
11349b66-e0cd-44ac-80a3-fe96cf2f7a8b,spreadsheet.markets,available,9.99,,82,14,11,name.com,,
113aa78a-8709-42bd-8d63-94a05b94ee02,VirginiaBeach.markets,available,26.98,,58,9,14,namecheap,,
113d5e08-9f1d-44fa-897f-7cdcaaa482e0,fellowfeeling.markets,available,9.99,,62,1,14,name.com,,
115a646d-3be9-43ed-a3d3-7859f89a0144,shells.markets,available,9.99,,58,9,6,name.com,,
118da4ea-3d1d-4600-b9f8-3b739bf9729d,WestBranch.markets,available,26.98,,64,7,11,namecheap,,
11ade8f5-800d-4339-bb07-669357a4bdd3,instep.markets,available,9.99,,72,7,7,name.com,,
11ae94c9-cfad-42a6-a614-25fcbefb202c,dave.markets,available,9.99,,76,38,4,name.com,,
11b4b22c-f241-490a-bae7-548c6d60bdd2,designers.markets,available,9.99,,72,15,9,name.com,,
11d4ce16-9bd3-43c7-a72b-2e0467e6a60f,pairofpliers.markets,available,9.99,,62,0,14,name.com,,
11dadc71-e3c1-48a5-9481-473489a784f0,Lions.markets,available,26.98,,72,22,5,namecheap,,
11ec3ba8-3cbe-4ded-a9d4-0bec8d2dea2f,noncompeteclause.markets,available,9.99,,54,1,17,name.com,,
11febdf0-f24f-48d0-b6a9-ba6383c81f57,relies.markets,available,9.99,,51,2,6,name.com,,
120480d1-7fc0-4496-b9e6-eac64284136e,photographers.markets,available,9.99,,47,10,13,name.com,,
120798db-6789-44a8-93aa-c7848bf11de6,boomorbust.markets,available,9.99,,68,7,12,name.com,,
1215fb19-576e-4446-bd42-59ab02792852,coffeedout.markets,available,9.99,,76,1,11,name.com,,
122115ea-6079-4280-bb7d-25e594d06d56,provides.markets,available,9.99,,56,5,8,name.com,,
122e3dd8-8740-4d3a-baad-73d24b72a5a7,changeplaces.markets,available,9.99,,62,0,13,name.com,,
1231ad57-943b-4bee-b1df-a6c03e59c871,Henri.markets,available,26.98,,66,15,5,namecheap,,
12369873-e2f2-49f9-a6dd-55930cc83c07,copypronoun.markets,available,9.99,,76,1,12,name.com,,
125116d3-fd05-4a84-9c84-15dc6f71392f,skulls.markets,available,9.99,,44,8,6,name.com,,
12585650-cdca-4e82-9cda-cb499ce4dcd3,chiaseed.markets,available,9.99,,78,3,9,name.com,,
125c53e6-acc6-4342-8ce4-c3bb53144086,waterfountain.markets,available,9.99,,70,4,14,name.com,,
12651816-23b1-4bd8-b632-40b1302e30f4,redial.markets,available,9.99,,71,6,6,name.com,,
12655780-ca7f-4202-b8a4-0592526b8f42,streetfighter.markets,available,9.99,,62,8,14,name.com,,
1286015c-c282-4a89-930a-38e43d5f55e7,spellitout.markets,available,9.99,,74,2,12,name.com,,
12931a15-c4b1-4361-9ad2-7775b8adeade,investors.markets,premium,500,,60,23,9,name.com,,
1295cbeb-aaa0-4ce4-a881-98c61a5e49dc,commonhousefly.markets,available,9.99,,42,1,15,name.com,,
12967fc7-d630-454f-a681-7ec146ade6c7,bearings.markets,available,9.99,,50,11,8,name.com,,
12a335dc-0eaa-4a68-8510-5dc5a7ed2c1d,systems.markets,premium,1250,,46,27,7,name.com,,
12a3a762-6abf-45ce-a98d-a5f59ec17e69,letoneoff.markets,available,9.99,,77,1,11,name.com,,
12d00e76-139d-469d-a063-c9b14b800a09,followedby.markets,available,9.99,,60,1,11,name.com,,
12db241c-2028-4bc9-be40-271a6cfb3d01,thoseones.markets,available,9.99,,41,0,10,name.com,,
12e0a375-ddca-4762-94b9-0cf1664235ea,Ipop.markets,available,26.98,,76,9,5,namecheap,,
12e9c35f-7ba6-4d24-a3de-bc5d9c4dadae,furthermore.markets,available,9.99,,68,7,11,name.com,,
12f87d4c-4278-4a7f-b837-f1bfe0469d42,welds.markets,available,9.99,,59,4,5,name.com,,
13126eb8-80b6-4abe-a482-a3f5d6fc8123,getwith.markets,available,9.99,,74,4,8,name.com,,
1313f3b6-c636-406e-9e74-3284f7f62e5e,germs.markets,available,9.99,,40,5,5,name.com,,
131b9569-b04f-4dcf-9492-1c203baae47e,oddmanwins.markets,available,9.99,,69,0,12,name.com,,
1320dfac-72be-4dba-93f2-ef2d9c6c42e3,keyset.markets,available,9.99,,52,3,7,name.com,,
1322f713-5555-4cf1-ac61-c0ae8c4ee641,uptonow.markets,available,9.99,,64,2,9,name.com,,
1324c1f0-e2a7-4150-af4a-abda10bf1f89,kitchensink.markets,available,9.99,,68,6,12,name.com,,
132d2251-23df-496f-b834-b6669a1219b9,behaviouralscience.markets,available,9.99,,66,3,19,name.com,,
133a038c-3578-4b74-9160-ad354f69aa22,taxswap.markets,available,9.99,,60,1,8,name.com,,
133b7eac-dccb-4e9b-b8b8-971908dd3c25,wellbehaved.markets,available,9.99,,74,8,12,name.com,,
134c9a85-8b5b-4ce2-8da3-3c25bd19b13e,OurFather.markets,available,26.98,,62,5,10,namecheap,,
13500f3d-2226-466f-89e2-913610d298c0,sacrificial.markets,available,9.99,,65,3,11,name.com,,
1352aa80-63ad-44c4-b0b4-bc21a38f75ca,naturalperson.markets,available,9.99,,66,3,14,name.com,,
13536b7b-444b-4dac-80fa-f0ad16a40371,goodnews.markets,available,9.99,,80,25,9,name.com,,
1353b09e-c0f7-4a9c-b5fa-91c8e2a65bb8,oaks.markets,available,9.99,,53,16,4,name.com,,
135f295e-8629-4ec5-82e2-8f74ec1f739f,twentyfour.markets,available,9.99,,56,10,11,name.com,,
136820e5-fc49-46c6-9f4d-90e5c9ffbf90,typewriters.markets,available,9.99,,56,4,11,name.com,,
1369459b-2e09-465c-b784-831868bae2a1,onetrickpony.markets,available,9.99,,56,6,14,name.com,,
13822ceb-6857-4c59-8408-fceaf8d85efd,technicality.markets,available,9.99,,69,4,12,name.com,,
138507fb-05cd-4830-baa6-31978464bcf5,Trex.markets,available,26.98,,80,24,5,namecheap,,
13893e2c-976b-402f-9aab-51749e961e94,accountstated.markets,available,9.99,,40,2,14,name.com,,
139e758f-fbb2-4169-8f89-3542c0da6bd2,scallops.markets,available,9.99,,52,3,8,name.com,,
13a36806-6b22-4d1c-bb4a-d53ee948658f,thisinstant.markets,available,9.99,,65,7,12,name.com,,
13a753c2-1a79-4ee6-8c7f-445bf2646848,organisations.markets,available,9.99,,52,3,13,name.com,,
13a8730c-7df4-4401-8121-86f17a3b24d3,pinging.markets,available,9.99,,70,3,7,name.com,,
13c34c59-bc9d-4148-8976-a84a7df71c49,Ichooseviolence.markets,available,26.98,,44,1,17,namecheap,,
13c8905a-6087-458a-8935-9fbe4ab44d26,attorneygeneral.markets,available,9.99,,60,4,16,name.com,,
13ca5743-241c-42bd-a0ae-98bf8c4f711b,alcoholusedisorder.markets,available,9.99,,48,1,20,name.com,,
13cd1681-b78e-4257-af62-af39764cc193,tradeunion.markets,available,9.99,,68,3,11,name.com,,
13e2c72e-9b39-4bf7-8dda-b5df64e1ba55,cloves.markets,available,9.99,,60,5,6,name.com,,
13e44df1-237d-4f32-9385-fae78f800866,shareholders.markets,available,9.99,,50,5,12,name.com,,
13edb23a-af02-4497-ad85-c811a00d1ec9,Obamacare.markets,available,26.98,,66,8,10,namecheap,,
13f6337b-0085-4043-b66c-9221a980bf98,behindschedule.markets,available,9.99,,38,1,15,name.com,,
13fb02d8-f2db-4ee5-8007-ff5ad77777da,nauseousness.markets,available,9.99,,58,1,12,name.com,,
1412ac01-188e-467c-b0ed-c20a19ffc420,ingredients.markets,available,9.99,,56,14,11,name.com,,
1426d109-522e-4355-9687-b591578d9594,expects.markets,available,9.99,,50,3,7,name.com,,
1429cc70-64e6-4446-b074-9408de7e2524,Ihaveaquestion.markets,available,26.98,,50,2,17,namecheap,,
142d1bc6-33eb-442a-a743-18953167f9b2,mouthguard.markets,available,9.99,,72,4,11,name.com,,
145c7d65-23d3-44b4-822e-0b8a7ae00bd7,setaside.markets,available,9.99,,75,3,9,name.com,,
147e64b5-abc6-4056-bcf4-236f5bfec06d,sombuddy.markets,available,9.99,,62,1,8,name.com,,
1490ff5a-7635-43c9-883d-9161ff97b9c1,sportsperson.markets,available,9.99,,77,2,12,name.com,,
1498adad-2667-44be-b450-64d4c041b1c7,kangeroo.markets,available,9.99,,80,2,8,name.com,,
149984a5-c33b-41ba-a0c2-32b6ca2fb399,counted.markets,available,9.99,,58,5,7,name.com,,
149b820a-9e8b-48fe-90da-4776ea139a41,entertheequation.markets,available,9.99,,62,0,18,name.com,,
149c117f-70af-4cba-8164-fc6e6e27b4ed,mentalnote.markets,available,9.99,,54,3,11,name.com,,
14a04fc2-77a7-456b-9b29-c104b19d4196,freshasarose.markets,available,9.99,,62,3,15,name.com,,
14b54802-6046-4d3e-9492-a4f020fdff29,folicacid.markets,available,9.99,,80,1,10,name.com,,
14bda4f2-4911-40d5-acc0-009e21e8facb,annotated.markets,available,9.99,,68,5,9,name.com,,
14dbf999-f8ac-44e6-8929-0f5a76e94bd2,rugbyfootball.markets,available,9.99,,68,2,14,name.com,,
14dc909d-b635-4241-8ec1-b981284313f0,letitbeknown.markets,available,9.99,,75,1,15,name.com,,
14de265e-c7ab-4bba-8bbb-1b78c79d4c01,criteria.markets,available,9.99,,88,10,8,name.com,,
14f7f020-abcc-4bc9-a049-630520bfa510,getstuckin.markets,available,9.99,,72,2,12,name.com,,
14fb04f1-ec1a-41a7-9436-9d424bb432f9,comeoff.markets,available,9.99,,72,1,8,name.com,,
1512afc8-ee00-4d08-b6b7-ae5ed164c6fe,toneup.markets,available,9.99,,80,5,7,name.com,,
15198424-d671-450e-aca7-ccd204e47b57,deskorganizer.markets,available,9.99,,62,1,14,name.com,,
151da14a-1b41-4cdd-93f2-5e12218b707d,getupearly.markets,available,9.99,,79,1,12,name.com,,
1523aabe-1c6b-407a-a576-dcc07567ff36,manualworker.markets,available,9.99,,42,0,13,name.com,,
15268e09-349c-48b2-bd75-d90f1d96aa92,returned.markets,available,9.99,,72,5,8,name.com,,
152e84ce-424e-424b-a841-5ebbdb4d746c,Lordloveyou.markets,available,26.98,,60,1,13,namecheap,,
1538b810-6b98-484b-8c82-fc1d6672cf9f,havenoneofit.markets,available,9.99,,56,1,15,name.com,,
1541784d-0b7b-455f-885c-0d1ffecbe526,warmblooded.markets,available,9.99,,73,1,12,name.com,,
15758e7d-6a21-45b1-8411-d01374d3ffbc,executivedirector.markets,available,9.99,,56,2,18,name.com,,
1582ea0f-7304-46e1-b826-99f04236fb8a,publication.markets,available,9.99,,72,10,11,name.com,,
158b25f4-1fd2-41d6-917b-dee282ce1508,inthedock.markets,available,9.99,,50,1,11,name.com,,
15a3da3f-d70d-49e7-9b4d-01775e605f83,smarted.markets,available,9.99,,53,5,7,name.com,,
15bd102f-20f0-454a-ab84-b89cc815dc35,goonebetter.markets,available,9.99,,62,1,13,name.com,,
15c47eac-87d0-4f1f-9f3a-532bf0818bb0,getontheendof.markets,available,9.99,,64,0,17,name.com,,
15d10b9c-6b4a-4e0b-9e25-078b67ac2ae9,inthedistance.markets,available,9.99,,52,2,15,name.com,,
15ef22ff-87bd-4a96-8ab6-5c49b4b042be,generalsurgery.markets,available,9.99,,70,4,15,name.com,,
16079a76-cbd2-4b92-a5b6-a346d1ce54b2,inquestion.markets,available,9.99,,70,1,11,name.com,,
1610c394-73d2-42e3-a3ab-4b9493a4b089,universities.markets,available,9.99,,54,9,12,name.com,,
1611dc1a-42fd-4783-946a-c16e34323ecf,onequarter.markets,available,9.99,,42,2,11,name.com,,
161f65cc-d681-4514-8b57-edb2761954c0,keepupwith.markets,available,9.99,,76,2,12,name.com,,
1622f255-e667-4138-80e4-03988ab6a89d,fails.markets,available,9.99,,46,7,5,name.com,,
1634ad83-6a77-48ec-ac1c-e4d3a57c501d,CatholicChurch.markets,available,26.98,,70,5,15,namecheap,,
1644cc55-1d68-4691-abc4-b9d87110c33b,ballpointpen.markets,available,9.99,,72,5,14,name.com,,
16482a90-4c42-4068-acda-975ecd97d505,summertire.markets,available,9.99,,80,1,11,name.com,,
164e1e5a-6bcd-46d3-91a6-71f258cf4d9b,ideas.markets,premium,250,,62,37,5,name.com,,
164f303c-acfa-4b9e-b818-4e8b2b3a2ae6,Books.markets,premium,92.4,92.4,52,49,5,namecheap,,
1650ca1e-2edf-47e7-9eec-77e4e344fb42,quitting.markets,available,9.99,,54,4,8,name.com,,
1651e947-f7ee-4288-9733-d30fa7291f59,providingthat.markets,available,9.99,,46,1,14,name.com,,
165b389f-d861-453d-beeb-4b7920d6c948,pizzatopping.markets,available,9.99,,48,1,13,name.com,,
16621fa9-2837-41c0-8081-4d35b8e58df6,sneezed.markets,available,9.99,,47,2,7,name.com,,
1662972e-668d-42ac-a035-3de4ae22600f,subjects.markets,available,9.99,,54,5,8,name.com,,
1666f7c7-6c4e-493c-ba2b-ebc79e2db423,oliveoil.markets,available,9.99,,84,18,9,name.com,,
1675cc92-23fd-4465-b0dd-d49fc37bbe7b,wrongcrowd.markets,available,9.99,,62,1,11,name.com,,
1682a469-e906-41ed-b17d-00132f12f661,Greg.markets,available,26.98,,66,35,4,namecheap,,
1686a638-5192-4ee3-ba2d-f919899c67aa,collapsed.markets,available,9.99,,38,3,9,name.com,,
1688e924-202c-4bb2-b970-b8ee5e1d8a9b,vendors.markets,available,9.99,,56,12,7,name.com,,
168cd8e4-caeb-464a-9454-310ac4b2d657,Allie.markets,available,26.98,,72,21,5,namecheap,,
169306ff-229a-4b22-8a13-ec5967f08953,splashabout.markets,available,9.99,,69,2,12,name.com,,
169bbb00-1252-4e78-a493-20964e4c94f5,traps.markets,available,9.99,,68,7,5,name.com,,
16a578c1-621d-4c8c-9638-09b36af939bf,whitemeat.markets,available,9.99,,72,2,10,name.com,,
16ac6b80-96de-4613-9199-ea101c8a8754,workers.markets,available,9.99,,60,20,7,name.com,,
16b07199-28d9-4573-a52c-26394e81f5e7,justthejob.markets,available,9.99,,56,3,12,name.com,,
16d92c28-2e9b-4ad4-8ee0-474024d9e667,washes.markets,available,9.99,,54,3,6,name.com,,
16e4fbd1-a1e8-44c5-8f2a-c50c83c7ec00,sources.markets,available,9.99,,48,14,7,name.com,,
16ed67a7-3d12-4543-8b02-bf2df4483778,issuedate.markets,available,9.99,,74,1,10,name.com,,
16f1410c-fb38-4994-9ea2-bba2d01664c7,deepsleep.markets,available,9.99,,80,11,10,name.com,,
16f50bf4-cf43-4a1a-a1c2-8afe4759648d,smiths.markets,available,9.99,,50,16,6,name.com,,
16ff3712-2866-4f83-b6ff-43eeeb4a42fb,inwriting.markets,available,9.99,,72,3,10,name.com,,
1710e1bc-7c41-4b23-a2c5-07e2c892cbca,skirting.markets,available,9.99,,64,3,8,name.com,,
1722fe5b-1e0e-4e28-8395-5a47afac56f7,chickenofthesea.markets,available,9.99,,68,2,18,name.com,,
17281f55-5aff-4725-839c-b79160d2d689,whatnot.markets,resell,,,58,33,8,"Spaceship, Inc.",14/08/2025 10:24,14/08/2026 10:24
172cac1a-e4c6-4013-a006-deb8b74a87b7,howgoesit.markets,available,9.99,,58,5,11,name.com,,
1730e152-750a-4dcd-87ee-4d709a2a226e,diseases.markets,available,9.99,,40,5,8,name.com,,
17396cc4-43ae-4bbf-9fa8-2fa5843671e9,keepthefaith.markets,available,9.99,,70,4,14,name.com,,
17414f47-8a1c-4530-9ecb-93cf4d843942,manyisthetime.markets,available,9.99,,54,1,16,name.com,,
174fbd49-82f4-4f0e-9a59-556803c3051f,mobiles.markets,premium,500,,62,19,7,name.com,,
17652ba4-b241-4bde-87c5-d48835c85bc3,setfree.markets,available,9.99,,80,6,8,name.com,,
176a99fa-9cbd-45d6-a8ee-e09293afcb68,gosing.markets,available,9.99,,70,3,7,name.com,,
178c2b69-6280-40b7-be90-5e81a65c0d47,worded.markets,available,9.99,,53,4,6,name.com,,
17989792-eba0-40a3-914a-5d5f749f5877,grayer.markets,available,9.99,,60,3,6,name.com,,
179cdca7-b887-4438-9729-d66339cd86db,voicemail.markets,available,9.99,,72,10,10,name.com,,
17b873eb-35fd-43f9-92e3-60b5871067ca,whitevinegar.markets,available,9.99,,66,12,13,name.com,,
17ba2826-93f8-479c-bfd9-b4e61f294466,purposes.markets,available,9.99,,48,4,8,name.com,,
17bb42a0-0d9d-46aa-b091-3ad47cee2eba,creditspread.markets,available,9.99,,60,1,13,name.com,,
17d2785d-3c0f-4ed1-aa22-9cc14cefd57f,gobigorgohome.markets,available,9.99,,68,3,17,name.com,,
17e2ff8e-1848-43e2-9dcd-106befb28ce0,visioned.markets,available,9.99,,71,4,8,name.com,,
17ec50eb-405a-466f-886f-13c480200051,theirs.markets,available,9.99,,52,12,6,name.com,,
17f662ef-4ef0-4220-9b36-bbb245e7bf05,shortages.markets,available,9.99,,48,3,9,name.com,,
17faaf02-c585-4580-9679-86972c6e4430,teaspoonful.markets,available,9.99,,66,1,11,name.com,,
18190aa1-67c4-4c85-887d-6d9ccd9301a1,privatesector.markets,available,9.99,,64,2,14,name.com,,
181a1f9d-113f-4d60-ad73-185ce033807f,nutrients.markets,available,9.99,,58,9,9,name.com,,
183979dd-9366-45d8-8f51-b3632e87a510,touchbase.markets,available,9.99,,78,13,10,name.com,,
183e5980-00a8-472f-83d9-1baa3b8344e9,alcoholbyvolume.markets,available,9.99,,58,1,17,name.com,,
1840aab6-724b-4364-bffd-5a73f90a255a,mouldbreaking.markets,available,9.99,,64,1,14,name.com,,
1841136f-1cb5-4a08-a27c-137d56b13de6,sothat.markets,available,9.99,,70,2,7,name.com,,
184f70a3-489d-470e-8de6-f230df80cb21,goingout.markets,available,9.99,,54,5,9,name.com,,
185b0e77-22e4-43b3-947b-a3d51d46901a,seemlike.markets,available,9.99,,54,0,9,name.com,,
1869cd2a-dcb4-4e2c-a635-28c399a0da1f,squalls.markets,available,9.99,,44,2,7,name.com,,
1878c1f7-a94a-41cf-a1be-681a8ffb7cfc,anarmandaleg.markets,available,9.99,,60,6,16,name.com,,
18842c81-2736-4073-b870-40203ff77c07,stronger.markets,available,9.99,,67,19,8,name.com,,
18c16dbb-f58c-4bce-881f-8ff20c0aa319,Iswear.markets,available,26.98,,58,2,7,namecheap,,
18c62a56-0537-46b8-a556-5a036bece54e,deeper.markets,available,9.99,,56,19,6,name.com,,
18ca4188-1e4d-40bd-9e02-91eba1473ed0,divinegrace.markets,available,9.99,,68,3,12,name.com,,
18d02d4b-b6c6-4f10-9b6a-acc4a024af7a,comeundone.markets,available,9.99,,66,2,11,name.com,,
18d0d7a4-265d-43ea-a610-56b21b66ba23,CountyofJefferson.markets,available,9.99,,44,0,19,name.com,,
18dc46d3-71d9-4634-97ac-dc13ba7e687a,economyclass.markets,available,9.99,,66,3,13,name.com,,
18dd7afc-f172-434a-9d64-7589333f531e,hairdryers.markets,available,9.99,,60,2,10,name.com,,
18f0aaa6-34f6-4109-83e1-44b8b292850b,runners.markets,available,9.99,,78,16,7,name.com,,
18fb5e9e-e397-4086-944e-a556bdb677b7,wrinkles.markets,available,9.99,,55,4,8,name.com,,
190b770d-846e-4d42-8db0-a02905dfa7c2,breastfeeds.markets,available,9.99,,56,1,11,name.com,,
19186d85-9d51-49ad-91fc-8f1b1052b59f,mynameis.markets,available,9.99,,50,11,10,name.com,,
191e28c4-ae7d-43c1-9a6a-b9ac435e6a98,partitioned.markets,available,9.99,,48,2,11,name.com,,
1921695c-2c8a-4af7-bdc7-d7b924ebbe57,gearchange.markets,available,9.99,,74,2,11,name.com,,
1922330d-b595-4f2f-bb32-d1d60a0a02f3,greatgranddaughter.markets,available,9.99,,68,1,19,name.com,,
1929bccd-c03d-4d6b-bfb5-41491f36dc49,gardensalad.markets,available,9.99,,80,1,12,name.com,,
1936dd59-44bd-4035-a969-376172d3bbd3,StStephen.markets,available,26.98,,70,2,10,namecheap,,
19492b2c-276b-4b02-9ab3-2e778d8faf51,starts.markets,available,9.99,,54,9,6,name.com,,
19701187-00aa-447f-9362-fb75b88d28d0,nicelooking.markets,available,9.99,,72,2,12,name.com,,
197bc78a-92e9-4b03-84de-58b0134d6e24,rapmusic.markets,available,9.99,,78,5,9,name.com,,
1993688c-1fc4-4161-8629-7624ab42690e,shelters.markets,available,9.99,,66,8,8,name.com,,
1998c1fc-2d4b-4e1c-960e-d28d59e8b7bf,generalformulas.markets,available,9.99,,48,0,16,name.com,,
19af580b-a48d-4e3a-80dc-bc760040a100,packages.markets,available,9.99,,54,13,8,name.com,,
19b724ae-c76b-414d-8e24-5a62d455f277,Ithinkso.markets,available,26.98,,58,4,10,namecheap,,
19c02e0d-3503-4770-afdd-693a4e8b95fa,Mikey.markets,available,26.98,,70,21,5,namecheap,,
19c8ac47-2989-41df-9354-d7b2d6db8fd2,haveover.markets,available,9.99,,74,1,9,name.com,,
19ca4270-a8f4-4dde-ba51-d197b1670f69,practitioners.markets,available,9.99,,48,5,13,name.com,,
19f87c08-b946-43cc-970b-b515a30e07b9,youknowit.markets,available,9.99,,88,3,11,name.com,,
1a025914-3859-4185-ae2d-6896b3ec37f6,Phil.markets,available,26.98,,78,41,4,namecheap,,
1a052e3f-3ac4-461a-b1c5-47ee223bdf14,RoyalMail.markets,available,9.99,,76,12,10,name.com,,
1a064445-6e20-414b-a9c8-8e215bb6be07,busfare.markets,available,9.99,,70,1,8,name.com,,
1a07aee3-9b84-4ebf-915a-98822c9d6e03,baby.markets,resell,,,78,31,4,"Sav.com, LLC - 30",14/08/2025 15:15,14/08/2026 15:15
1a094a04-060b-4c5a-ad6d-8b2e5760e467,finalrespects.markets,available,9.99,,42,1,14,name.com,,
1a0fe005-e879-42b0-8d4d-2bc2d7308243,intheeventof.markets,available,9.99,,46,2,15,name.com,,
1a138d35-09d7-44f2-aba3-2cc1386b35bb,makefriendswith.markets,available,9.99,,58,1,17,name.com,,
1a1c2fea-6c5b-4797-b60e-6ca819455133,holdingtheball.markets,available,9.99,,62,1,16,name.com,,
1a2580d5-af52-405c-9277-aeabd34f813c,warmachine.markets,available,9.99,,62,6,11,name.com,,
1a373d96-a3ee-4dbf-a8ec-091a735dbd4a,GermanReich.markets,premium,,,56,1,12,,,
1a5524fa-adfc-4227-b3df-1c44a7a7a58a,goupstairs.markets,available,9.99,,68,1,11,name.com,,
1a5585eb-be1c-4a8d-a4a3-549c214190f0,pals.markets,available,9.99,,77,16,4,name.com,,
1a56fd4b-846c-4382-8090-90514aeb9776,slept.markets,available,9.99,,50,7,5,name.com,,
1a5cebbc-ebcf-4011-a049-d10d59dcfcb8,demonstrating.markets,available,9.99,,48,1,13,name.com,,
1a5e0b54-f989-49c9-b6d7-38298d387a21,stabilization.markets,available,9.99,,66,3,13,name.com,,
1a62956b-68ea-4277-b912-b58d76247ba8,longago.markets,available,9.99,,68,3,8,name.com,,
1a659420-b8f5-4d4e-a98b-8e79db493fd3,chestnuts.markets,available,9.99,,54,5,9,name.com,,
1a7c108e-5219-47d3-a3eb-b061724a2805,devotions.markets,available,9.99,,56,5,9,name.com,,
1a8f0a82-6d39-43c4-b77a-693927cdd41d,disappoints.markets,available,9.99,,36,1,11,name.com,,
1a92eaf0-1de3-4773-a37c-4c442f19e62d,tothepowerof.markets,available,9.99,,46,1,15,name.com,,
1aa5e12b-ec7a-4845-b14f-e16285f0da50,replying.markets,available,9.99,,52,3,8,name.com,,
1aadaeaf-295f-439d-8346-269584e29562,setloose.markets,available,9.99,,72,3,9,name.com,,
1acd8e28-2a25-4c48-be4d-70d5787a2734,childporn.markets,available,9.99,,56,13,10,name.com,,
1ad5b896-1abd-4f6e-92f5-6a0aa8d2e960,sisters.markets,available,9.99,,63,15,7,name.com,,
1ad733da-a91c-420e-b6d6-f2c62d90b8ae,saveface.markets,available,9.99,,78,5,9,name.com,,
1adcbf60-6ab0-405c-9ece-65b5f800b4eb,instyle.markets,available,9.99,,78,12,8,name.com,,
1afc9b2c-b59b-4fe2-b88c-4c6ba4945784,GreenPark.markets,available,26.98,,72,17,10,namecheap,,
1b2e9f86-f348-476a-9979-3ef96f2c1bb8,families.markets,available,9.99,,58,17,8,name.com,,
1b326d37-24ba-4575-b1fd-853673487dfa,SikhEmpire.markets,available,26.98,,64,1,11,namecheap,,
1b37ee2b-203a-4fda-a542-1fe51436156e,rewards.markets,available,9.99,,62,30,7,name.com,,
1b625482-c762-4760-aa54-8e4ae3b1edc9,excitements.markets,available,9.99,,50,1,11,name.com,,
1b733d04-e0b9-4e20-95d0-94c96ddb6fe0,cattower.markets,available,9.99,,80,2,9,name.com,,
1b75e0ec-7d8b-4274-a58e-1cf0a30ea118,televisionprogram.markets,available,9.99,,66,1,18,name.com,,
1b770197-0076-4559-8556-20b0e11aa540,makeinto.markets,available,9.99,,76,1,9,name.com,,
1b907b05-a9f0-48a3-a4b3-7e6520bc6014,coffeehousing.markets,available,9.99,,72,1,13,name.com,,
1b9e8655-0437-4fa0-8c4a-5532da8c00d9,touchdowns.markets,available,9.99,,57,2,10,name.com,,
1ba53961-535c-4f67-b117-b9fe20ca3674,unadvisable.markets,available,9.99,,56,1,11,name.com,,
1bc9542a-dda8-4002-9bd2-80c7fb502eb7,moneyisnoobject.markets,available,9.99,,50,1,18,name.com,,
1bc98588-c824-4d0f-b9f9-500ae87e56cd,determination.markets,available,9.99,,70,9,13,name.com,,
1bd37e8b-dae0-448c-a914-6e734ec93d75,pigeons.markets,available,9.99,,50,10,7,name.com,,
1c09bf1d-db7d-477d-9b97-5c346f779a2a,sued.markets,available,9.99,,38,6,4,name.com,,
1c0f6cdb-1a4d-4e56-8261-3f502a8015d9,manycolored.markets,available,9.99,,54,0,12,name.com,,
1c17d2a4-1ae1-4272-a18b-ed45e49b7844,havetherunof.markets,available,9.99,,60,1,15,name.com,,
1c4cc865-f721-429d-8de8-aa6dae2891c9,songbirds.markets,available,9.99,,64,6,9,name.com,,
1c50b92c-83bd-469d-8f08-9010e4d33e9e,bannerad.markets,available,9.99,,74,2,9,name.com,,
1c6ed74d-c155-477e-9cf4-d75987fbf7b9,whatittakes.markets,available,9.99,,58,9,13,name.com,,
1c8448cd-fcfb-48fc-82a7-092cff3e0ca1,sitabout.markets,available,9.99,,70,1,9,name.com,,
1c868ebb-d868-4846-8eb2-b118a4887fc4,jetaircraft.markets,available,9.99,,62,1,12,name.com,,
1c985c94-6596-4479-8887-e309ab745cc4,missinginaction.markets,available,9.99,,56,10,17,name.com,,
1c9ec546-faa4-4791-b9ad-648a04f429e1,Nicki.markets,available,26.98,,66,9,5,namecheap,,
1ca0a9ae-79a0-40be-8591-e208e8d484e8,dogsbodies.markets,available,9.99,,76,1,10,name.com,,
1cbcd8c2-23e7-4c00-94e3-36301919d398,AnnaKournikova.markets,premium,,,72,1,15,,,
1cbd18e9-1a59-4454-b64d-4f1730d962a2,clicking.markets,available,9.99,,70,8,8,name.com,,
1cd832c0-5e21-4551-98f5-a22ad7153da4,slipped.markets,available,9.99,,70,3,7,name.com,,
1cdf7c25-ed39-4534-9dcc-150c611c6aae,executives.markets,available,9.99,,64,12,10,name.com,,
1cee6cd4-6826-48a8-a2f4-ea774c381b5f,ballplayer.markets,available,9.99,,74,3,11,name.com,,
1cf2ee84-0583-4b13-b81b-2dc9ef645461,redtape.markets,available,9.99,,56,16,8,name.com,,
1d00a829-c496-4657-9ef5-beab7a44f5ac,Germanpotatosalad.markets,available,9.99,,56,1,19,name.com,,
1d132c17-44f1-4b87-a07e-10235839029d,makeme.markets,available,9.99,,56,13,7,name.com,,
1d136161-5da3-431f-8185-4fae878bda36,baconexplosion.markets,available,9.99,,72,1,15,name.com,,
1d3a3fe9-216e-4f3a-917a-ec7fae86faf8,oatmealcake.markets,available,9.99,,80,1,12,name.com,,
1d5cc1ec-79f7-48f5-a581-fe970536e579,cometrue.markets,available,9.99,,82,5,9,name.com,,
1d6eb020-157c-4c77-b3de-26b1238b1951,cometotermswith.markets,available,9.99,,66,1,18,name.com,,
1d78ca6e-fd01-4d12-a4a7-e39dac4e2227,actiongame.markets,available,9.99,,78,4,11,name.com,,
1d90a7c9-a076-476e-b1fb-ae851b9223da,prosecution.markets,available,9.99,,68,9,11,name.com,,
1d961f51-69de-4478-a9d3-a7ed2409f1ac,justrewards.markets,available,9.99,,56,3,12,name.com,,
1db2bea0-e161-40f7-9075-4ee70abb59fe,citizenship.markets,available,9.99,,78,19,11,name.com,,
1db594fc-1d14-4168-a064-70fc06b86f32,conventionally.markets,available,9.99,,50,2,14,name.com,,
1dce1c29-ec98-4f05-a9d4-6f7b7c525cb2,blueberrypie.markets,available,9.99,,60,2,13,name.com,,
1dd81db0-193f-42b7-acc5-bdb9a456ee36,calls.markets,available,9.99,,50,16,5,name.com,,
1ddc0b30-49fe-45f5-be21-831da3f146d0,posterpaint.markets,available,9.99,,74,2,12,name.com,,
1dde30b0-c38d-4145-aeb3-52ebe42c6dbb,machinescrew.markets,available,9.99,,66,1,13,name.com,,
1df0dee3-1224-4bb0-9ca7-5ae433cc5ebd,Olympicflame.markets,available,26.98,,78,1,13,namecheap,,
1df5b1c7-25e2-4ffd-b84e-b09a2e06a5c1,comeinhandy.markets,available,9.99,,76,1,13,name.com,,
1e18390e-4755-4563-b63d-ee94c2c033fc,moneyorders.markets,available,9.99,,56,1,12,name.com,,
1e1f5413-5c5d-4943-84fe-02b29fd7c19f,appreciation.markets,available,9.99,,88,13,12,name.com,,
1e2035a9-d0b1-4ef5-9ef5-74d45b3192b4,units.markets,available,9.99,,56,16,5,name.com,,
1e2aea40-8ffa-4739-971f-039c76fb1b78,moneymakers.markets,available,9.99,,60,9,11,name.com,,
1e2b9c17-28a9-4c8f-94a5-e4efef0038c3,urges.markets,available,9.99,,51,4,5,name.com,,
1e2f6b5c-d825-4e74-82ba-5af691574abd,estimated.markets,available,9.99,,50,5,9,name.com,,
1e35df76-8d99-46e0-96ee-329c1554d1cb,progression.markets,available,9.99,,77,12,11,name.com,,
1e418d8c-b303-46ff-98cb-2a2ecfa1b000,coffeetablebook.markets,available,9.99,,72,2,17,name.com,,
1e4e481d-2139-4885-9ed6-337bbf119faf,speedofsound.markets,available,9.99,,68,5,14,name.com,,
1e636a65-6e59-4393-a656-39e78d6aea15,HIPAA.markets,available,26.98,,60,15,5,namecheap,,
1e6b6735-91cf-4662-a274-cd689e69a7a5,chiefofpolice.markets,available,9.99,,42,0,15,name.com,,
1e7b2b18-6281-4a53-831d-9d2aeeb02700,playitsafe.markets,available,9.99,,76,6,12,name.com,,
1e7e52d9-1f46-4302-9136-b9cd147be539,toweather.markets,available,9.99,,48,1,10,name.com,,
1e8699d9-0fdd-4b36-a127-66fb1e8105fb,furnishings.markets,available,9.99,,80,5,11,name.com,,
1e9cdac5-d1e0-44c9-a1fd-ff75dc7963ef,defaulted.markets,available,9.99,,42,2,9,name.com,,
1ea4f401-f975-4cd5-a757-93c23b4ea4e2,onbase.markets,available,9.99,,54,17,7,name.com,,
1eb4cc71-60dc-4396-a18e-30798ed61988,gettobe.markets,available,9.99,,54,1,9,name.com,,
1ebc2960-fcfe-460e-8b1d-4364d9a045cd,astheycome.markets,available,9.99,,56,1,12,name.com,,
1ecb42e6-bf54-44ae-a5e8-16a78824df6b,publicoffice.markets,available,9.99,,69,2,13,name.com,,
1ed83dd8-5d2a-4c3e-bfd1-4bd87c0ba6b9,parkup.markets,available,9.99,,59,4,7,name.com,,
1effdbb8-b734-4d3e-8f04-85b5991e2031,proclaiming.markets,available,9.99,,74,2,11,name.com,,
1f182beb-908e-43d9-a5c6-3e83f606f455,childendangerment.markets,available,9.99,,48,6,18,name.com,,
1f38c2d4-fd72-4287-b56f-952b9117ab12,chocolatemilk.markets,available,9.99,,70,6,14,name.com,,
1f45c439-baad-45c2-8e95-b49d16e92c55,died.markets,available,9.99,,40,6,4,name.com,,
1f5a733d-3d96-4563-a9ef-12d03ecb2f06,havetheblues.markets,available,9.99,,58,1,14,name.com,,
1f5e9c1d-d846-4260-a5a4-c8c178db429e,CountyofMitchell.markets,available,9.99,,42,0,18,name.com,,
1f625cc9-ef2e-443a-a2d7-19259cdb0c64,uptoanything.markets,available,9.99,,52,1,14,name.com,,
1f7c468a-a0c8-4735-843e-161635404842,gobackto.markets,available,9.99,,76,2,10,name.com,,
1f7c71d5-c361-428b-856f-31f9294d184a,havewords.markets,available,9.99,,68,0,10,name.com,,
1f7ddf1a-f1a8-4dba-8687-b305d977411f,bloodpressure.markets,available,9.99,,70,7,14,name.com,,
1f96f017-9953-4e88-b9a1-e51b1caf4f67,riders.markets,available,9.99,,60,14,6,name.com,,
1f9b6513-6c1f-4de9-9cda-081f5e6ae4d5,cometogether.markets,available,9.99,,70,10,13,name.com,,
1facccd3-b250-411f-89b3-ac144ed6fe78,herbaltea.markets,available,9.99,,80,5,10,name.com,,
1fb0f7f0-646e-4de3-b2fd-f94b9d779c00,WestHam.markets,available,26.98,,62,9,8,namecheap,,
1fbd29fb-1a96-493d-87c5-40e6165ab95b,MiddleAges.markets,available,26.98,,62,3,11,namecheap,,
1fc38d85-c232-46b6-ba7f-6cadae22d069,Westlake.markets,available,26.98,,68,23,8,namecheap,,
1fc5b5d2-144d-4a7c-aa42-f23620693421,RiceBubbles.markets,available,26.98,,60,1,12,namecheap,,
1fcc9bf4-c37e-42c1-b278-022c114147c5,inregardto.markets,available,9.99,,54,1,12,name.com,,
1fd755ac-c463-4e23-85a9-88505368eccd,wellbuilt.markets,available,9.99,,78,7,10,name.com,,
1fe58732-15fa-4301-a041-7870b5c837c0,movedown.markets,available,9.99,,70,1,9,name.com,,
1febdd39-a4cc-4bc0-b4fa-1d96f004a9b4,tablespoonful.markets,available,9.99,,58,1,13,name.com,,
1fec875b-9910-4bf4-9b55-594cdf0ee18e,closeorder.markets,available,9.99,,66,2,11,name.com,,
1ff74978-f224-42f1-b29a-dc9674302743,carryforward.markets,available,9.99,,66,3,13,name.com,,
2008be32-9572-4257-afd9-abdca944db8b,learnt.markets,available,9.99,,56,10,6,name.com,,
200cc374-5fc8-428f-a716-7dbb31ccc215,Ihavenomoney.markets,available,26.98,,50,1,15,namecheap,,
2010d249-a589-4091-b81b-b85229c821f8,letthemhaveit.markets,available,9.99,,47,1,16,name.com,,
20156b46-ad64-464c-94ac-ab15f80c008a,overeasy.markets,available,9.99,,68,8,9,name.com,,
2020a410-5508-46f9-b2a2-f7a3fca57d1c,creditors.markets,available,9.99,,50,5,9,name.com,,
20218542-cfe3-45fe-af4c-68b8c198205f,orderin.markets,available,9.99,,77,5,8,name.com,,
20305602-5a5a-49ed-8729-7c720ac35c82,dates.markets,available,9.99,,56,15,5,name.com,,
203609cb-c913-45bc-b5e1-f8f582c9a805,teaspoons.markets,available,9.99,,56,3,9,name.com,,
2037c09c-3a6c-4a7a-9d31-9f6b46d69cb4,gobythewayside.markets,available,9.99,,62,1,17,name.com,,
2042feab-b35f-4bd0-8ddf-06a9b4142f18,newer.markets,available,9.99,,60,8,5,name.com,,
2066b6f5-a405-4a17-baad-c6e78beb463d,provinces.markets,available,9.99,,54,2,9,name.com,,
2073951f-9a3f-4861-9e1e-62e7c1dff324,keepout.markets,available,9.99,,70,3,8,name.com,,
207ecfc4-ecaf-49ac-ad4b-98e51cdf1811,ambulances.markets,available,9.99,,58,5,10,name.com,,
2090a7df-a5ff-4530-a931-eb207398dbda,winterblues.markets,available,9.99,,65,1,12,name.com,,
20aa8ec4-fe95-40fa-b764-937dce2e9223,parties.markets,available,9.99,,58,13,7,name.com,,
20b739b3-2e6d-47fd-b736-ae0fdf46230f,takethelead.markets,available,9.99,,78,4,13,name.com,,
20baaaa5-e234-4e1d-8a01-7021a68f012c,comeround.markets,available,9.99,,76,1,10,name.com,,
20bbc563-5617-41ea-b1e0-d9f2538a4e51,roastbeef.markets,available,9.99,,80,4,10,name.com,,
20c4c6e4-f05e-4d87-a8b0-b5f972bc0ff2,ranted.markets,available,9.99,,48,2,6,name.com,,
20cdb4f4-439a-4559-ab94-98fc2da311f7,generalformula.markets,available,9.99,,68,1,15,name.com,,
20d7daa2-9086-4d16-88d4-e0c52b9084a8,sweetwhiskey.markets,available,9.99,,68,1,13,name.com,,
20d8ad44-83a4-4662-bd6a-a74a13061575,quizbowl.markets,available,9.99,,72,3,9,name.com,,
20e24da3-0684-4199-b4a7-7e0abfddc8ef,spaces.markets,available,9.99,,54,30,6,name.com,,
211ed5a4-7c54-4610-b24f-085cbcd87f13,makeknown.markets,available,9.99,,78,4,10,name.com,,
2125046e-b9c1-4ee4-ad5b-69a7a644f45d,soundout.markets,available,9.99,,74,4,9,name.com,,
212924d4-9e9b-4e2c-b24a-53a46734c393,partners.markets,premium,250,,61,32,8,name.com,,
212bc204-f0a6-4c0d-b4e5-9c247776d1cc,airportnovel.markets,available,9.99,,69,1,13,name.com,,
212f60e7-aa80-40d5-bc0b-eeb46e81302c,havetodo.markets,available,9.99,,56,1,10,name.com,,
21338333-b0c5-4d1d-aea3-38806416a517,executiveprivilege.markets,available,9.99,,62,1,19,name.com,,
213b2c31-3d8b-41a1-abbf-1b6294fd487c,letthefurfly.markets,available,9.99,,47,1,15,name.com,,
213bd829-9ac8-4c5f-97b0-195e485f7db7,incompatible.markets,available,9.99,,64,3,12,name.com,,
213d9160-90b7-4daf-8eff-21cc052cbe81,scoopin.markets,available,9.99,,68,1,8,name.com,,
213e3d6e-d185-47db-b1f0-64c960432142,getoutside.markets,available,9.99,,79,6,11,name.com,,
2149cf99-73ec-4348-8501-657ce971eab1,concertroom.markets,available,9.99,,56,5,12,name.com,,
2151b531-2386-4f70-ab75-0a6999bf014a,remembrances.markets,available,9.99,,51,2,12,name.com,,
21568e42-72cd-4f2f-9018-d44ec3e9f38f,textures.markets,available,9.99,,50,9,8,name.com,,
215e1129-9640-4cfd-b39d-466d5e4b576e,flipthebird.markets,available,9.99,,52,8,13,name.com,,
215fb6d6-f33a-4507-9412-0e2fa45d4746,collars.markets,available,9.99,,58,6,7,name.com,,
21601a9a-3aff-46bc-8233-66d440cf4eba,getthedrift.markets,available,9.99,,66,1,13,name.com,,
216a16de-6bb8-4be5-a92b-c45ca1eec255,essayquestion.markets,available,9.99,,64,1,14,name.com,,
216e6492-6509-435e-a736-caf34ffefff0,preceding.markets,available,9.99,,62,2,9,name.com,,
217d12d5-259f-4849-aee5-fd8c37cf4340,tasking.markets,available,9.99,,68,7,7,name.com,,
2186cfac-5657-40bd-b922-e6fc3952852a,toexcess.markets,available,9.99,,55,0,9,name.com,,
218abd8b-37d5-42ca-8be2-9119b00ba5ba,potatosalad.markets,available,9.99,,70,2,12,name.com,,
219ada0e-450d-4fda-9abf-6eb303b918e5,praises.markets,available,9.99,,56,3,7,name.com,,
219dd60a-8aaf-4e6b-bae5-fa8bb91ea604,missingperson.markets,available,9.99,,60,5,14,name.com,,
21bf3928-a33a-4d8c-bc34-6f6e09303409,normallywhite.markets,available,9.99,,50,11,14,name.com,,
21bffbfa-85a6-4296-9167-13ff0d578d8b,chickendance.markets,available,9.99,,66,2,13,name.com,,
21ccb257-9365-407c-8991-520a1a693e39,swords.markets,available,9.99,,52,10,6,name.com,,
21e5b1be-d550-4c9b-a5ae-3628c3dc3379,howyousay.markets,available,9.99,,56,1,11,name.com,,
21f14cc3-7eca-471e-a001-6bebe6faceb0,turnedon.markets,available,9.99,,52,3,9,name.com,,
21f4aaae-04f3-4966-a9da-734f758da26c,scoopup.markets,available,9.99,,68,3,8,name.com,,
21f846c1-d131-4efe-85cb-676ac49d3e1b,engineering.markets,available,9.99,,78,28,11,name.com,,
21fa48aa-621b-4787-9525-4dc684943145,pastrychef.markets,available,9.99,,76,4,11,name.com,,
2200d2b8-6ec4-425e-a30d-38ab29516a30,headtotoe.markets,available,9.99,,66,4,11,name.com,,
2225f0d8-c0a4-414f-aafe-1ff9a803f2b6,manyatimes.markets,available,9.99,,62,1,12,name.com,,
222b0f1c-57d7-40a0-8077-364bd1aa7bff,leton.markets,available,9.99,,76,5,6,name.com,,
223c61df-7016-4be1-a51e-11575eab6bf9,getsomeair.markets,available,9.99,,77,1,12,name.com,,
223e35f0-54b7-47bd-9f4a-2033ced54177,withintent.markets,available,9.99,,54,6,11,name.com,,
22454b3c-c3dc-42f4-b513-3e6f89724788,underprotest.markets,available,9.99,,30,1,13,name.com,,
2249686a-c9c2-4f05-b59f-422566eb638a,wearthepants.markets,available,9.99,,66,2,14,name.com,,
224ef040-8312-46fa-a4fa-0c20cea32533,wives.markets,available,9.99,,62,6,5,name.com,,
22565501-0d5a-414e-b335-89c851c9ece7,allthetime.markets,available,9.99,,60,3,12,name.com,,
2257f0f9-e171-4d14-b5c4-8ee9c938107c,comewith.markets,available,9.99,,72,3,9,name.com,,
225b8e4b-4166-4c51-a574-2af10d588dd3,schoolweek.markets,available,9.99,,57,1,11,name.com,,
225e8372-5ef2-4d83-9fe6-5a6edb94ef4e,drying.markets,available,9.99,,68,6,6,name.com,,
226a2f58-bdfe-4c5e-b3af-01b0d6b98343,godeep.markets,available,9.99,,74,7,7,name.com,,
226c9eb8-244d-48e7-a807-e9def3618274,hairdryer.markets,available,9.99,,78,6,10,name.com,,
22ab3747-6f84-4839-9543-8d1a739a2c14,gotobedwith.markets,available,9.99,,62,0,14,name.com,,
22b1f1b7-af06-4035-814c-33288ddc204f,disorganised.markets,available,9.99,,58,1,12,name.com,,
22bc02ee-a5cf-48ce-a7e8-0a8a92eedd39,useit.markets,available,9.99,,94,7,6,name.com,,
22c0e1e9-c899-41b8-a7c1-e98f76407de8,closetogether.markets,available,9.99,,62,4,14,name.com,,
22c308c5-2f94-478a-8c77-6e1948541c9b,intakesystem.markets,available,9.99,,60,1,13,name.com,,
22cace53-76c2-4767-820d-bd07331949b2,mothafucka.markets,available,9.99,,66,2,10,name.com,,
22d23c44-f5e1-44b8-a6b1-0ca51637e59f,clearout.markets,available,9.99,,70,5,9,name.com,,
22d9f970-024b-4f37-abcc-a52d3ffcad5c,inthepipeline.markets,available,9.99,,42,2,15,name.com,,
22dcf334-77f4-4dc4-8ac1-b78741f4464f,coffeewoman.markets,available,9.99,,80,2,11,name.com,,
22e3ee47-1bed-4a69-bd57-11aff67be620,nitpicking.markets,available,9.99,,58,1,10,name.com,,
22e57516-16f2-4e9c-83dd-b26a377f1a88,floods.markets,available,9.99,,38,6,6,name.com,,
22e9c9f6-b34d-4311-bc3d-a6dda3f15fd1,hotticket.markets,available,9.99,,80,3,10,name.com,,
22f04e59-b49b-41a3-ba3d-50f48619c9a1,flipped.markets,available,9.99,,52,12,7,name.com,,
2303ee2e-4862-4901-bd11-8d6357de2378,becalled.markets,available,9.99,,86,2,9,name.com,,
23103528-d930-4a13-a426-f9cdbffbb4a6,havenousefor.markets,available,9.99,,56,0,15,name.com,,
2311545b-28ba-4e30-890e-0245d56a603a,orders.markets,available,9.99,,60,19,6,name.com,,
2315d8f0-a74d-4a48-98d1-8a6976610c96,feellike.markets,available,9.99,,74,3,9,name.com,,
2321047c-2107-421e-8142-1a36d0f51191,playdate.markets,available,9.99,,84,16,9,name.com,,
23228c5e-5d25-4db7-b83f-7da04830fb04,showered.markets,available,9.99,,63,3,8,name.com,,
2322ed40-0612-4cca-92c1-1ee144cc9626,cheesecakes.markets,available,9.99,,60,4,11,name.com,,
2345cf04-28ea-4c42-9dc0-58eea1f839f2,ushers.markets,available,9.99,,52,4,6,name.com,,
23578440-430b-4f9c-99ff-59b2a048272d,OxyContin.markets,available,9.99,,64,6,9,name.com,,
23589f64-3d66-4287-9991-b2d284e381ca,StPetersburgh.markets,available,26.98,,60,1,15,namecheap,,
237d6c8e-40ac-496c-a88f-d886dcf9b71d,ohreally.markets,available,9.99,,64,4,9,name.com,,
23864d3b-a3f4-4971-9278-df1a61722124,enterontheboards.markets,available,9.99,,62,1,19,name.com,,
2389436f-10c5-4297-b53b-90f54afc0a41,howto.markets,premium,82.5,,76,35,6,name.com,,
23946f48-378c-40b3-b1fa-5a515fed5b46,restaurants.markets,available,9.99,,57,21,11,name.com,,
23987fb2-0407-4840-9b69-8a8e485aab94,approached.markets,available,9.99,,50,2,10,name.com,,
23aa10b0-8481-407d-833a-502bef5ee5fc,dogstail.markets,available,9.99,,94,1,8,name.com,,
23b2499e-9e77-4760-9668-e4a68555279b,backwhen.markets,available,9.99,,54,3,9,name.com,,
23b29363-a587-4dd0-8633-9d33d68aadf7,JollyRoger.markets,available,26.98,,82,10,11,namecheap,,
23b3393a-e923-4061-b7d7-c189917b8530,gowith.markets,available,9.99,,74,8,7,name.com,,
23c8bd39-5606-4a23-a92e-8cdd53ecc989,gettheballrolling.markets,available,9.99,,72,1,20,name.com,,
23caa452-ef87-4200-8b0f-a6203f9ba9e4,estatebottled.markets,available,9.99,,56,0,14,name.com,,
23f37464-706c-4bf8-a63d-de25b2a86f2a,horns.markets,available,9.99,,56,9,5,name.com,,
23fd53a3-0636-4af4-b7a4-406f8eff0a5b,multiplication.markets,available,9.99,,55,6,14,name.com,,
24112a35-65c6-4a54-bb70-ebda7d28f63b,commonpurposes.markets,available,9.99,,48,2,15,name.com,,
24127eff-391c-4339-93d7-29a8c0b8d2d4,dustyrose.markets,available,9.99,,74,6,10,name.com,,
241f10d2-86cd-4126-a450-04f0ed9be2ee,pete.markets,available,9.99,,68,29,4,name.com,,
242e7100-e976-444d-b501-27505aef0327,NorthAmerican.markets,available,26.98,,66,12,14,namecheap,,
2434001e-90e1-4783-814b-a2e6b37184a3,makethefirstmove.markets,available,9.99,,70,2,19,name.com,,
24372102-bb7a-4c7a-8741-f2a19a7b8bd9,atthedouble.markets,available,9.99,,66,0,13,name.com,,
243cade5-f8f4-47b9-a793-de99e8a30828,letterruling.markets,available,9.99,,45,1,13,name.com,,
24413309-0a4a-4086-938c-0c91008d8a8d,tubes.markets,available,9.99,,48,12,5,name.com,,
24422946-3427-40ff-be8f-787b4741acdd,foundingfather.markets,available,9.99,,72,1,15,name.com,,
24560945-0f87-4a6d-8cdf-6c80656a352a,yall.markets,available,9.99,,60,12,4,name.com,,
24587e1c-cd0d-4eb5-9d6b-48d4ad3c4765,letwellalone.markets,available,9.99,,47,1,14,name.com,,
247415f8-cfd2-4ca1-a0e5-145b9e7edafb,operators.markets,available,9.99,,52,13,9,name.com,,
2478b4e6-a0b3-4072-ac4c-c57be8f4788a,Ihaveatemperature.markets,available,26.98,,50,3,20,namecheap,,
2482c44f-85e2-4f2d-9d1f-3495a4bdaabc,NewRochelle.markets,available,26.98,,60,3,12,namecheap,,
24894083-2a1c-4ab0-a253-3a3f468aca1b,writedown.markets,available,9.99,,76,4,10,name.com,,
24950cf7-2e34-4240-bfa5-d7c5037d9973,translating.markets,available,9.99,,54,7,11,name.com,,
24acfab2-2a17-4e9b-abc6-f14867f41db1,clitlicker.markets,available,9.99,,66,1,10,name.com,,
24b0ea54-9fcf-4e07-97db-b56a0aa89482,styling.markets,available,9.99,,78,11,7,name.com,,
24b62df6-cb61-4599-a903-9c27ad7eb2cb,inthemain.markets,available,9.99,,50,1,11,name.com,,
24b8eaa2-bfc5-455b-9000-5e54dee11f9b,theone.markets,available,9.99,,74,32,7,name.com,,
24de5fc8-95ac-4a98-9594-1cfb2706f0ba,makeitmakesense.markets,available,9.99,,50,7,18,name.com,,
24e358f1-c1e2-4213-aef7-36ba1abc57f8,Ionlyworkhere.markets,available,26.98,,50,1,16,namecheap,,
24f44061-db10-4134-ba96-e114d68d04ab,instate.markets,available,9.99,,66,4,8,name.com,,
2516c93a-787b-445a-b3c4-d1224deb4002,comethrough.markets,available,9.99,,78,1,12,name.com,,
252f8d39-cad4-4323-b309-a98023cf977c,yougotthis.markets,available,9.99,,58,15,12,name.com,,
25344b80-0069-439f-b1d5-17e1d7a56f8a,somuchso.markets,available,9.99,,50,1,10,name.com,,
2544d0ea-d3da-4f4a-b234-fbfa3e75aee8,searches.markets,available,9.99,,50,9,8,name.com,,
254745a9-cc41-4f35-abcc-47979d7a4f0c,tapon.markets,available,9.99,,48,5,6,name.com,,
25478b9a-af4e-481b-b942-bb1943df4947,godowninhistory.markets,available,9.99,,68,1,18,name.com,,
254da7ad-f9ca-4668-9b55-1988a37a79df,inspirational.markets,available,9.99,,78,10,13,name.com,,
255a105e-ad71-48e3-b70f-0e32b61db4b2,makethecut.markets,available,9.99,,78,3,12,name.com,,
256763fc-d903-4138-8cd8-3baae7fcf5aa,insuchaway.markets,available,9.99,,44,1,13,name.com,,
2574d8aa-24e7-46cd-910a-a24e06259a7a,settledown.markets,available,9.99,,80,2,11,name.com,,
2578c5ee-528a-4299-8bc6-b46390097ad2,cometoaboil.markets,available,9.99,,62,1,14,name.com,,
25865775-94c2-425a-bf90-25ab901815da,eyetoeye.markets,available,9.99,,62,6,10,name.com,,
258adc8d-e625-46f5-8c28-51b0102be9c6,moveforward.markets,available,9.99,,76,9,12,name.com,,
2596cac8-bba6-46df-a613-49d626d65fde,videochat.markets,available,9.99,,78,19,10,name.com,,
259a75ae-2136-4fc5-b948-d49866684f15,fruitjuice.markets,available,9.99,,80,3,11,name.com,,
25a91d47-274c-42e1-8232-8579e2e8c520,allwheeldrive.markets,available,9.99,,72,8,15,name.com,,
25aafb25-37df-41ca-93ec-472e39069cff,deskchair.markets,available,9.99,,78,2,10,name.com,,
25b6aa2c-845a-481a-ac51-bbbf418a4acd,getoffthemark.markets,available,9.99,,66,0,16,name.com,,
25b9e9d3-9c68-4ddf-acfe-acf478358429,justification.markets,available,9.99,,62,5,13,name.com,,
25c38481-109b-45da-95ad-384967884fb7,childlabor.markets,available,9.99,,56,8,11,name.com,,
25cfc2f2-98f3-43e8-a0a6-331479c990fc,desktopcomputer.markets,available,9.99,,72,3,16,name.com,,
25d5cadc-10a5-4174-8e29-8aabc02fbde7,Ikidyounot.markets,available,26.98,,50,2,13,namecheap,,
25e73960-b245-49ee-b6ac-2dafb07650ea,mothahfuckah.markets,available,9.99,,66,1,12,name.com,,
25ea83f4-e785-4f44-bac2-7e5ce4ea203b,committing.markets,available,9.99,,68,2,10,name.com,,
25eb16e9-2584-41c8-a49a-b08571d1db5f,closeoff.markets,available,9.99,,74,1,9,name.com,,
25ed1543-924c-4e52-bc73-c7651f179ad7,commonman.markets,available,9.99,,76,3,10,name.com,,
25f16db7-5c42-4882-9a8b-f0491da72cdf,commonground.markets,available,9.99,,74,28,13,name.com,,
25f48910-da93-4a75-b34a-275322c318f2,distinctivepaper.markets,available,9.99,,72,1,17,name.com,,
25fb8724-7e9e-4ae8-9d30-b35f8f96750a,carrymeout.markets,available,9.99,,46,1,12,name.com,,
260371b4-b986-4221-b98f-37b33048bde6,ElNino.markets,available,9.99,,66,8,7,name.com,,
260b64f7-b125-4796-927a-583f8ad22afa,thereare.markets,available,9.99,,62,1,9,name.com,,
2618d254-eb1c-4027-ba4b-c7d10ae2f8f3,grandfatherinlaw.markets,available,9.99,,76,5,18,name.com,,
261bb0c4-29d8-4cd2-9ec1-9c6027307b4d,finalstraw.markets,available,9.99,,66,2,11,name.com,,
261dd43a-7124-4602-9cef-e0f0f3d4a5f4,signlanguage.markets,available,9.99,,76,8,13,name.com,,
262ba835-dc9c-4704-b5b4-135808b2bf62,designs.markets,available,9.99,,72,21,7,name.com,,
263b5c70-bbc7-4e34-a8b9-565107c2bce2,lunchwards.markets,available,9.99,,68,1,10,name.com,,
264426f0-1bba-4f97-b815-af3e406e75ac,astimegoesby.markets,available,9.99,,40,2,15,name.com,,
26637166-906f-4ffe-99f4-8fbc4d59e1a6,offices.markets,available,9.99,,60,16,7,name.com,,
2669caf9-27a2-4f54-9a2f-1ba47c44f991,closeout.markets,available,9.99,,76,6,9,name.com,,
26726bcd-00d7-4077-a5aa-41eccff34d0c,howdoyoumean.markets,available,9.99,,50,4,15,name.com,,
267aa100-a0ee-476e-8e2b-2374ef214e0a,wrote.markets,available,9.99,,60,6,5,name.com,,
2684b103-2de8-45c9-9d08-3c7e42177173,asthecrowflies.markets,available,9.99,,48,4,17,name.com,,
269059d2-9ef9-48e0-bacf-ed051a35ade5,looked.markets,available,9.99,,74,5,6,name.com,,
269293a4-62c0-4a72-a073-70002237368e,endconsumer.markets,available,9.99,,68,1,12,name.com,,
269718b7-217b-46c9-b67b-13750a0e4a83,floormanager.markets,available,9.99,,66,3,13,name.com,,
26a571be-a339-4365-a04b-97eb56a341b5,constants.markets,available,9.99,,70,4,9,name.com,,
26b7ef59-906e-408e-9e11-7bf96dc8ead9,windowseat.markets,available,9.99,,78,7,11,name.com,,
26b86c43-d3c6-4871-a8cc-795638490df3,lowback.markets,available,9.99,,66,2,8,name.com,,
26d8c6a4-463e-4eae-a281-ea54b3000ced,Ineedaguide.markets,available,26.98,,50,1,14,namecheap,,
26e11224-afba-44f2-a777-f06aaa9bfaf5,deeppockets.markets,available,9.99,,78,3,12,name.com,,
26f477e9-c522-4b15-8008-cc5b50e03ae2,haveto.markets,available,9.99,,78,3,7,name.com,,
271e6273-8311-49fb-8ad5-ce2ee80c2529,demotes.markets,available,9.99,,46,1,7,name.com,,
272cf8b1-7e67-4e69-b668-a9922ba70181,eachway.markets,available,9.99,,68,2,8,name.com,,
273dc893-3720-4a3d-916b-f96005894795,ifalle.markets,available,9.99,,58,6,7,name.com,,
27417d64-7a62-4c7a-8c33-30eaf47e5ca9,apartments.markets,available,9.99,,60,21,10,name.com,,
274c4b13-dcac-4e9e-92ee-b1e1436396d1,likecrazy.markets,available,9.99,,72,1,10,name.com,,
2752eaca-bd5f-4537-ab95-131b86d2dc70,teaplant.markets,available,9.99,,77,2,9,name.com,,
2758dfa3-4bcb-49a8-8ed7-a02b1d6d7735,establishment.markets,available,9.99,,60,6,13,name.com,,
27650261-ef49-4ecb-91a8-528dc53b7ee7,CountyofRussell.markets,available,26.98,,42,1,17,namecheap,,
277ecd85-9183-411d-b418-a821f07c4522,overagain.markets,available,9.99,,61,6,10,name.com,,
27805a5f-c30a-4b87-b898-01425ce1b60c,letsomeonehaveit.markets,available,9.99,,67,1,19,name.com,,
27812d95-e11a-4472-84a9-baf1f8304bc6,profiled.markets,available,9.99,,52,7,8,name.com,,
278775b7-2a09-4825-9dfe-837438b6174c,insummation.markets,available,9.99,,50,1,12,name.com,,
27b45dad-ebaf-45c6-bd2b-07e4288d3287,papered.markets,available,9.99,,50,3,7,name.com,,
27d1b586-c533-4e70-9480-6cadd2d71fbf,turntup.markets,available,9.99,,76,2,8,name.com,,
27d3fd8c-5ab0-4d5c-825d-e4075e068171,computerliterate.markets,available,9.99,,66,1,17,name.com,,
27d5e0ee-b962-4449-92fe-39461e485e93,keepitreal.markets,available,9.99,,76,11,12,name.com,,
27d61aa8-822d-4be7-948b-6cddc7392c5d,fitlikeaglove.markets,available,9.99,,76,1,16,name.com,,
27e6d9b0-2fea-4fe0-99e6-f9498886debf,relied.markets,available,9.99,,50,3,6,name.com,,
27e8ae76-2a1a-449f-9e83-c065e019869e,IsleofPortland.markets,available,26.98,,52,2,16,namecheap,,
27fa56ec-318d-4aad-9269-74dbfa5efdc0,IslesofScilly.markets,available,26.98,,52,1,15,namecheap,,
280a6665-a3c5-4b53-9aa9-ddb85187c447,mumbojumbo.markets,available,9.99,,60,5,11,name.com,,
2840976b-5b79-4d6f-bf31-53fef863912e,Ihavenever.markets,available,26.98,,68,1,12,namecheap,,
2840f872-548b-4874-a1ea-61a1dacde79b,asusual.markets,available,9.99,,58,3,8,name.com,,
28477765-9d3b-4d86-a984-720676b044a1,pills.markets,available,9.99,,56,15,5,name.com,,
285cc619-5b2d-4e5d-8c30-02bb2c129309,pls.markets,available,9.99,,60,23,3,name.com,,
286270ab-ee09-4dfb-ad3e-0a1d1324bb42,selfconfident.markets,available,9.99,,64,1,14,name.com,,
2865ca0b-115a-4219-9eef-e499c68c5b0b,grayheaded.markets,available,9.99,,64,5,11,name.com,,
2869ca31-1512-4efc-8d14-005535b5e368,brainwaves.markets,available,9.99,,56,8,10,name.com,,
2876b9f2-0c8f-42e4-a0bf-62180646991d,keepsomeoneposted.markets,available,9.99,,66,0,19,name.com,,
28774468-0f31-4201-898e-d76d07b90aee,snuck.markets,available,9.99,,46,3,5,name.com,,
2892b82d-d962-4063-9b8f-c201780613e3,tornadoes.markets,available,9.99,,50,2,9,name.com,,
28baf2d9-1b16-4a4d-adad-cd978042950f,steeltoeboot.markets,available,9.99,,66,1,14,name.com,,
28bdbdf4-2c5c-4af1-bdcb-2ff536abfa0b,rained.markets,available,9.99,,50,4,6,name.com,,
28e3dc1b-9e5e-4570-a065-4a59cb2e0e2c,sweatshop.markets,available,9.99,,56,8,10,name.com,,
28ec834e-3ea2-4132-a518-ad88b21cf0bd,IwishImaybeshot.markets,available,26.98,,44,1,20,namecheap,,
28f30441-f116-47e2-a475-985a3f57fd2a,breastfeed.markets,available,9.99,,76,3,11,name.com,,
290001b5-7d4b-4c4a-be59-29a3ae00a239,exercisebike.markets,available,9.99,,66,3,13,name.com,,
2908d7ae-82a0-453f-b7a8-7f0b26af82be,outofhand.markets,available,9.99,,63,9,11,name.com,,
29205961-7691-41c5-bfa6-9de98cfb01e1,childneglect.markets,available,9.99,,48,6,13,name.com,,
292d3088-284b-40bd-9df7-52537230ea87,ofinterest.markets,available,9.99,,50,3,11,name.com,,
2936276a-803c-40f3-8010-4c6a4c1fa571,flashsale.markets,available,9.99,,76,10,10,name.com,,
294ffb76-8a24-4321-af3b-43ca0cfe1b79,minimumwages.markets,available,9.99,,52,1,13,name.com,,
2953819c-9d1d-4476-882e-4c3840e7b9b1,affects.markets,available,9.99,,54,4,7,name.com,,
29557f31-466a-42a7-9df5-06e3d4fb42b7,GodtheHolyGhost.markets,available,26.98,,58,1,18,namecheap,,
295a7d99-8f64-427c-a3af-79830502acc0,nationaldebt.markets,available,9.99,,56,2,13,name.com,,
296de9d8-8ff0-46a7-8626-3340227b00b0,getrightwith.markets,available,9.99,,47,7,14,name.com,,
296e54f2-1a10-4f76-b33e-7a2a97685110,NewGlasgow.markets,available,26.98,,71,3,11,namecheap,,
2978c483-b59f-4823-96fa-fb52c55a05f5,SaintGeorge.markets,available,26.98,,54,6,12,namecheap,,
298b46f3-eff9-42d5-9205-c01b2417949f,Westcott.markets,available,26.98,,58,10,8,namecheap,,
29bc5dac-ee42-43f8-9082-8613f061f0a3,proportions.markets,available,9.99,,76,3,11,name.com,,
29bf62f0-300a-4846-9716-1fb75f79344a,giveamanafish.markets,available,9.99,,48,1,17,name.com,,
29e999af-ebab-491c-ba7f-2f9d1c5e9abe,deadlines.markets,available,9.99,,54,5,9,name.com,,
2a01d9ce-49a5-47fd-99fe-efb3f8d6cacc,Ihaveasthma.markets,available,26.98,,50,1,13,namecheap,,
2a08cf82-397b-4093-a18b-a80e52866af5,soundlike.markets,available,9.99,,64,5,10,name.com,,
2a0a9ec0-a7bd-47fd-94c5-ef54da9e1cfa,entered.markets,available,9.99,,50,4,7,name.com,,
2a103f53-d3f0-4144-88dd-f7b5373517ca,boats.markets,available,9.99,,52,24,5,name.com,,
2a2bf1e1-846b-4a18-8c0e-ce157773d177,falltotheground.markets,available,9.99,,58,1,18,name.com,,
2a3339ba-f7fe-4c89-b78b-c2d36eb07268,returnticket.markets,available,9.99,,72,1,13,name.com,,
2a4a42c2-951f-468d-a3f8-a57aaef19843,wins.markets,available,9.99,,68,21,4,name.com,,
2a4b0174-ebaa-4260-b54c-fc4fddb71e34,passed.markets,available,9.99,,62,6,6,name.com,,
2a50db1c-1274-479b-a0de-3494d0bf83c2,champs.markets,available,9.99,,56,16,6,name.com,,
2a971d8a-a2e5-45e7-8077-e7a84ff38608,behindbars.markets,available,9.99,,60,6,11,name.com,,
2a993803-b90d-4797-83bc-59e2466674de,turninto.markets,available,9.99,,86,2,9,name.com,,
2aa1e78f-29b7-46aa-ba5c-0fa4e19a1ab0,underestimated.markets,available,9.99,,42,6,14,name.com,,
2aac8a36-f293-4c7f-a168-7c749ffc3f03,grands.markets,available,9.99,,66,8,6,name.com,,
2aae8aeb-6381-439f-a334-45b155ba8483,poems.markets,available,9.99,,58,9,5,name.com,,
2ab67603-e707-49bf-8cbf-982cf29a47a3,setto.markets,available,9.99,,72,6,6,name.com,,
2ab9694e-6b00-485d-a5e0-f85d6e6862b9,getthebetterof.markets,available,9.99,,69,15,17,name.com,,
2ac58469-83f0-451a-ba2f-16c5df7d465c,intruth.markets,available,9.99,,72,9,8,name.com,,
2ac88d2f-ae73-4d6f-998a-9028cffa70e8,youknowwhat.markets,available,9.99,,34,8,13,name.com,,
2ad0dff1-7c61-4fdb-acd7-dbc9598c6188,gotosleep.markets,available,9.99,,72,3,11,name.com,,
2adf9f25-4b00-4385-84d8-bb12bff45659,softsell.markets,available,9.99,,72,3,9,name.com,,
2ae08ca3-e018-4f60-a030-63484e9bc64f,movesouth.markets,available,9.99,,49,1,10,name.com,,
2ae0a62b-731c-4a09-b131-f76c0d001f2a,ifyouwill.markets,available,9.99,,61,2,11,name.com,,
2b011bd9-256e-4b1c-b1c2-55838f734573,Romannumerals.markets,available,26.98,,58,2,14,namecheap,,
2b2772ca-795d-4450-9448-898389cfaf2f,denominations.markets,available,9.99,,42,2,13,name.com,,
2b457359-e40f-4e1b-8e6d-5dce1651dce0,grandnephews.markets,available,9.99,,66,1,12,name.com,,
2b5941c0-2abf-4ba1-bd35-4c258e99e9be,wipes.markets,available,9.99,,56,8,5,name.com,,
2b641388-1aeb-4b29-9c84-0a3a83647651,amplifying.markets,available,9.99,,56,3,10,name.com,,
2b8050b9-06f8-4e1b-b0ff-4ddf6f619de0,lookunderrocks.markets,available,9.99,,64,2,16,name.com,,
2b9f1f2c-919f-4ee7-8a20-33565e5676a2,moveit.markets,available,9.99,,77,13,7,name.com,,
2bb730ab-af7b-4c7d-83c2-b56a74b5d268,perspective.markets,available,9.99,,78,28,11,name.com,,
2bb9f57c-c5d4-451c-8c6c-5211806ec1fc,FinalFour.markets,available,26.98,,82,3,10,namecheap,,
2bba24dc-e9f1-4c68-b7dc-57123359f67b,basedon.markets,available,9.99,,50,4,8,name.com,,
2bc7cb76-642a-410e-a355-979f587b5f85,getovertheline.markets,available,9.99,,69,1,17,name.com,,
2bcfaf15-9fae-467a-859c-7bcfa90ad2e9,getphysical.markets,available,9.99,,80,1,12,name.com,,
2bdad735-f4a9-474e-ab1a-cd557a1dbc80,asthesayinggoes.markets,available,9.99,,40,1,18,name.com,,
2be224e4-98fd-4325-9a87-6552b5e59666,goup.markets,available,9.99,,74,12,5,name.com,,
2be79aeb-a891-4c31-b0fd-2e3d3d37e859,shiftabout.markets,available,9.99,,69,1,11,name.com,,
2c000805-fe71-497c-97e8-8b9846653550,gobankrupt.markets,available,9.99,,68,2,11,name.com,,
2c0d92e4-1c1a-462d-a91b-139ff0821665,chapstick.markets,available,9.99,,78,5,9,name.com,,
2c0e9141-f091-413c-b7f3-308b25216f2d,biggovernment.markets,available,9.99,,58,1,14,name.com,,
2c172cfe-f277-4a27-bcd8-389b0cd93e4c,wheels.markets,available,9.99,,76,20,6,name.com,,
2c25c39e-8bba-418a-9bd1-38eb01c3d57f,neckdeep.markets,available,9.99,,59,2,9,name.com,,
2c2a90d8-2f43-4fcd-a7a8-e29a99d7603b,gives.markets,available,9.99,,52,12,5,name.com,,
2c31f18f-a11d-411f-a9ab-2e56cf839d13,opinions.markets,resell,,,62,11,8,Porkbun LLC,07/03/2026 18:49,07/03/2027 18:49
2c3a766e-cb9b-45a5-9cc9-3e6b4f933eeb,howdoyoulikethat.markets,available,9.99,,52,4,20,name.com,,
2c4d7c94-c209-49e6-ab66-945c4e13f2c8,artofthepossible.markets,available,9.99,,48,8,19,name.com,,
2c5bc313-7240-4b6f-9a26-68e3ea01873a,whitesalt.markets,available,9.99,,64,10,10,name.com,,
2c61db49-a069-4966-8efb-3d55d6cc0588,solarenergy.markets,available,9.99,,88,16,12,name.com,,
2c887d9f-810a-4bce-a3cc-f239441d2119,spellcheck.markets,available,9.99,,81,6,11,name.com,,
2c8e9c91-cb0f-457e-b4b5-48053c3c26cb,leavethenest.markets,available,9.99,,70,1,14,name.com,,
2ca2be8f-e8ae-4ab9-a025-e362dbb0c8ac,products.markets,premium,500,,60,23,8,name.com,,
2ca94aec-1411-40e8-b8c5-74a6796844ad,filed.markets,available,9.99,,48,7,5,name.com,,
2caad009-89c0-4332-ab78-d1420bfac0fe,couldof.markets,available,9.99,,49,1,8,name.com,,
2cad1d06-2fe6-44a0-a45f-56731973a707,bethere.markets,available,9.99,,76,11,8,name.com,,
2cba9a9f-b027-4e29-aa81-1c55e8f55198,WestEnd.markets,available,26.98,,70,21,8,namecheap,,
2cbbccef-55cc-43cd-9005-ec42d897fdd2,gascooker.markets,available,9.99,,52,1,10,name.com,,
2cc37336-11f2-4ee8-89a8-579ebb811696,sqm.markets,available,9.99,,54,11,4,name.com,,
2cc76e06-f742-4692-b5cc-9e29a66847c0,asfaras.markets,available,9.99,,58,1,9,name.com,,
2cd5a6d8-5bae-4e6a-8764-a59633376ff8,getupin.markets,available,9.99,,74,1,9,name.com,,
2cd9127e-ab6b-474a-8919-b976c1ed9686,rulesisrules.markets,available,9.99,,58,0,14,name.com,,
2cf97d8c-ed83-4bba-9734-6918d56cd91d,strapin.markets,available,9.99,,68,1,8,name.com,,
2d055fbc-6f3e-4cbf-bb5d-eb6c2094e6d7,indate.markets,available,9.99,,71,3,7,name.com,,
2d0f6061-cac9-4d28-b856-f4850409c990,havemercy.markets,available,9.99,,80,2,10,name.com,,
2d22a9cc-f1b3-4963-bf1f-11681a6f9ed4,undergoes.markets,available,9.99,,55,1,9,name.com,,
2d23f898-d1ce-46d7-bdcd-bd5be6248312,enlightenment.markets,available,9.99,,62,18,13,name.com,,
2d2fee4e-a936-46a6-8524-0e7d324d7707,artgallery.markets,available,9.99,,80,12,11,name.com,,
2d2ff6bb-8fb6-4798-ad1d-39e6a2c4c744,failed.markets,available,9.99,,60,11,6,name.com,,
2d52486e-9ae1-45d7-86aa-af27f4483d2b,filets.markets,available,9.99,,66,2,6,name.com,,
2d5e00c5-d737-4624-ba4d-302105ce8d36,cuts.markets,available,9.99,,72,10,4,name.com,,
2d70e9bb-cb73-42b4-a411-b9a7e4766255,dropsoff.markets,available,9.99,,52,1,9,name.com,,
2d71a056-c6db-49c2-851c-0eaa16538b7e,wintertire.markets,available,9.99,,76,2,11,name.com,,
2d7b9da7-9d8d-4597-9263-36834b069ded,getittogether.markets,available,9.99,,75,3,15,name.com,,
2d82f85b-a5dc-4307-91a9-402f429b78a9,failures.markets,available,9.99,,46,5,8,name.com,,
2d98984f-890c-446a-a548-6be49ce50e92,filefootage.markets,available,9.99,,74,1,12,name.com,,
2da27401-71b3-4a14-8613-8158516d7f04,farmwork.markets,available,9.99,,72,3,9,name.com,,
2da42be7-802a-4476-aca9-1be0d13bad5a,contemplating.markets,available,9.99,,42,3,13,name.com,,
2da473a5-59bc-40a3-ad41-285c76d5c5f8,sheeit.markets,available,9.99,,68,1,6,name.com,,
2db3cfbb-e4aa-4771-9bf7-2aedcc3c7052,practices.markets,available,9.99,,52,6,9,name.com,,
2dbbc69c-8671-409e-b54e-734e0da61512,sitloose.markets,available,9.99,,62,2,9,name.com,,
2dc34948-72ab-4d2a-bcf2-41269e0bc8ba,waitout.markets,available,9.99,,63,1,8,name.com,,
2de357cd-8744-4bb6-adaa-865d759255c0,sounded.markets,available,9.99,,60,5,7,name.com,,
2df20e8c-392c-4a84-a8aa-3d50add7ab99,Rounds.markets,available,26.98,,72,12,6,namecheap,,
2dfec8b7-c27c-4a3b-95ca-caaaf85548f0,precursors.markets,available,9.99,,50,2,10,name.com,,
2e0fb6d7-6d0d-4e6a-ae80-c3ac169725be,managed.markets,available,9.99,,58,20,7,name.com,,
2e15af4d-ddad-4940-ae6a-5aeba832b88f,specializing.markets,available,9.99,,52,2,12,name.com,,
2e2f8149-987f-4ce1-834f-7ef7b3f978a4,surprises.markets,available,9.99,,64,4,9,name.com,,
2e349edf-8126-4592-b035-5dc683ea82ed,foes.markets,available,9.99,,46,6,4,name.com,,
2e4d0094-df36-457f-8513-e9ade0712a25,dogsick.markets,available,9.99,,90,1,7,name.com,,
2e702cda-1234-42c6-b286-befd622b10bd,jumps.markets,available,9.99,,73,12,5,name.com,,
2e7538b1-a87b-4f8d-8c37-f8349cb6b413,adverbs.markets,available,9.99,,50,3,7,name.com,,
2e80005b-9c24-4825-9f4f-deb4c989087c,AsianTiger.markets,available,26.98,,56,12,11,namecheap,,
2e89325f-4ed6-4197-80a3-d61a29c41f7d,divineintervention.markets,available,9.99,,68,6,19,name.com,,
2e8a1af9-d721-43ac-ac19-788e21c7a069,wintersun.markets,available,9.99,,75,5,10,name.com,,
2e938851-e92b-4d92-b678-be480f4c5b68,fights.markets,available,9.99,,55,9,6,name.com,,
2ea3460f-9122-48ba-a26c-35c15da8fa10,equalization.markets,available,9.99,,74,1,12,name.com,,
2ea4fb4c-ddce-48dc-a73e-c794bdfb86ab,salts.markets,available,9.99,,56,7,5,name.com,,
2eb28622-6cd5-4bc9-8f23-35fd91708098,decidence.markets,available,9.99,,74,1,9,name.com,,
2eb62e40-2835-4612-be77-5683c7bc4bd1,paparazzi.markets,available,9.99,,71,12,9,name.com,,
2ebfd917-ed6c-422c-bb02-66b17b036824,cups.markets,available,9.99,,60,12,4,name.com,,
2ec4165c-71be-462e-ad98-51cc30eca5d8,onstage.markets,available,9.99,,64,14,8,name.com,,
2ed7a59c-be99-4481-830d-5b334ec14ed6,teastrainer.markets,available,9.99,,77,1,12,name.com,,
2edd6216-0856-4b75-91ce-c297b9995a1d,nurses.markets,available,9.99,,54,13,6,name.com,,
2ef1bcd0-b044-40f5-be17-d3fe796bfe30,goalongwith.markets,available,9.99,,70,1,13,name.com,,
2ef6c735-7937-4401-a563-f52c2fbf13cf,hashtag.markets,available,9.99,,82,32,7,name.com,,
2ef6e260-8edf-42b9-b972-4739ddcc64b6,niggers.markets,available,9.99,,37,13,7,name.com,,
2ef8bdff-43a6-4f86-8b8d-83c47dd077d3,givethegreenlight.markets,available,9.99,,54,1,20,name.com,,
2efadc1d-2368-4872-82bb-31467a65c38f,refunds.markets,available,9.99,,62,9,7,name.com,,
2efeaee0-573e-4df6-8802-ae8b5df770e7,named.markets,available,9.99,,74,10,5,name.com,,
2efeef4f-2422-43a1-9ea5-789823137b9b,devoured.markets,available,9.99,,40,3,8,name.com,,
2f00ee19-3720-42f9-9429-640ffb5afc15,getoutofDodge.markets,available,26.98,,62,1,16,namecheap,,
2f02fd01-7570-48c8-8f71-7386b0e32084,numlock.markets,available,9.99,,70,5,8,name.com,,
2f052541-1072-48ff-8ff2-92327f4790a3,bicycles.markets,available,9.99,,68,9,8,name.com,,
2f09aba7-a209-4898-9b53-b2250e7856fe,costcontainment.markets,available,9.99,,42,2,16,name.com,,
2f28162a-229e-4a80-9995-6323605f317f,allsorts.markets,available,9.99,,52,5,9,name.com,,
2f313a17-43df-4e40-b38e-2148c75b2c62,wisdoms.markets,available,9.99,,58,8,7,name.com,,
2f36ddb2-a181-4465-a82b-24189f455525,manyandvarious.markets,available,9.99,,46,2,16,name.com,,
2f55b535-5fca-44bc-829c-c2d3defd72af,shortest.markets,available,9.99,,54,6,8,name.com,,
2f5792bd-af11-4db1-b3f5-30e90f873056,ricevinegar.markets,available,9.99,,71,2,12,name.com,,
2f5b866a-a94e-4c9b-a88a-811acfe81196,jewels.markets,available,9.99,,80,15,6,name.com,,
2f78da60-10dc-457a-80ea-54b63690d2b5,OldWorld.markets,available,26.98,,62,13,9,namecheap,,
2f7a92fd-7c29-43e2-a3e7-b2eea4eb4d84,pairofspecs.markets,available,9.99,,62,1,13,name.com,,
2f8bc05f-84b0-4a74-9e14-d8c7b8948e22,shoppers.markets,available,9.99,,64,10,8,name.com,,
2f92ecdb-c926-418d-a0fb-1155909a6718,sumbuddy.markets,available,9.99,,62,2,8,name.com,,
2f93c3cc-6f1f-49e8-a5a8-f3005b33a427,useto.markets,available,9.99,,72,2,6,name.com,,
2fb62ca7-ef62-4665-ad2d-9d0f39fd8dd7,takeabreak.markets,available,9.99,,86,8,12,name.com,,
2fc7dfcd-5fa0-44bc-baf5-95bc28b3e61a,caught.markets,available,9.99,,72,11,6,name.com,,
2fcb6481-e3ef-4d63-b741-ce908bbd46c1,sportsday.markets,available,9.99,,80,4,10,name.com,,
2fce9179-7c0f-42c0-8945-a08e6a1ab1d8,demonstrated.markets,available,9.99,,68,3,12,name.com,,
2fd171d7-259e-42a4-a284-bd1d5dfd6f98,showaleg.markets,available,9.99,,68,1,10,name.com,,
2fd2bb40-c399-444c-b474-86773cc9ae3f,thereandback.markets,available,9.99,,44,4,14,name.com,,
2fdb4a6c-9109-48b1-970c-a43563921c02,plated.markets,available,9.99,,66,11,6,name.com,,
2fdbe438-48d5-432f-bf79-3e4c27ca3bcb,looks.markets,available,9.99,,78,16,5,name.com,,